"Reviewer","Applicant","score10","T1.Creat","T2.Goals","T3.Divrs","T4.OutIn","T5.AcPre","T6.Resil","T7.ResEx","T8.Leadr"
"Baker, Adriana","Spoon, Tammassha",5,0,1,0,-1,0,1,1,0
"Baker, Adriana","el-Nouri, Wajdiyya",7,0,0,0,-1,1,0,1,1
"Baker, Adriana","Pavlovsky, Tavaughn",7,-1,0,1,1,1,0,1,-1
"Baker, Adriana","Andrews, Zachery",10,0,1,1,1,-1,0,0,-1
"Baker, Adriana","Leyba, Serenity",7,0,1,0,1,-1,-1,1,-1
"Baker, Adriana","Hoffmann, Aivan Thomas",9,0,1,1,1,1,1,1,1
"Baker, Adriana","Cowart, Ca'La",5,1,0,0,-1,-1,-1,0,0
"Baker, Adriana","el-Pour, Fakeeha",6,1,1,0,-1,0,0,1,-1
"Baker, Adriana","Lopez-Ortiz, Christopher",9,-1,0,0,-1,0,-1,1,1
"Baker, Adriana","Chu, Sanate",9,0,0,0,1,1,1,0,1
"Baker, Adriana","Khanal, Farhan",5,1,0,0,1,-1,1,0,0
"Baker, Adriana","Vigil, Ernesto",8,0,-1,1,-1,-1,0,0,-1
"Baker, Adriana","al-Jama, Raaji",9,1,0,1,1,1,1,1,0
"Baker, Adriana","Moimoi, Leah Frances",7,1,0,0,-1,-1,0,0,-1
"Benally, Anthony","Pallister, Gabriel",6,1,1,0,1,1,1,0,1
"Benally, Anthony","Lobato, Lolita",7,0,0,0,-1,0,0,0,0
"Benally, Anthony","Romero, Summer",9,0,0,1,0,1,-1,1,0
"Benally, Anthony","Turner, Christian",9,0,0,0,0,1,-1,1,1
"Benally, Anthony","Kills In Sight, Jacob",7,1,0,1,0,-1,0,0,-1
"Benally, Anthony","Jones, Daniela",7,1,0,-1,0,1,-1,-1,1
"Benally, Anthony","al-Nazir, Qisma",5,-1,0,1,1,-1,0,0,-1
"Benally, Anthony","Cunningham, Ajunae",7,0,-1,1,1,0,1,0,-1
"Benally, Anthony","Phan, Patrick",8,1,1,1,0,1,-1,0,0
"Benally, Anthony","Kunzman, Hakeem",7,0,0,1,0,0,0,1,0
"Benally, Anthony","Reat, Aaliyah",9,0,1,-1,1,0,0,1,1
"Benally, Anthony","Leung, Taylor",8,1,-1,-1,0,1,1,1,-1
"Benally, Anthony","Diaz, Alisha",6,1,1,0,1,1,1,1,1
"Benally, Anthony","al-Beshara, Hakeema",7,0,1,0,-1,1,0,1,1
"Evans, Antwon","el-Jamal, Muaaid",10,1,1,1,0,1,0,1,0
"Evans, Antwon","Montgomery, Adriena",0,-1,-1,0,0,-1,-1,-1,0
"Evans, Antwon","Dotson, Demetrious",9,1,0,-1,0,1,-1,0,-1
"Evans, Antwon","Wade, Fred",8,1,1,-1,0,-1,0,1,0
"Evans, Antwon","Martinez, Derek",7,0,1,1,1,0,-1,0,0
"Evans, Antwon","Legg, Dakota",7,0,0,0,1,-1,-1,-1,1
"Evans, Antwon","Stauter, Wesley",7,0,0,0,0,-1,-1,0,1
"Evans, Antwon","Jones, Daniela",9,1,1,-1,1,1,-1,0,1
"Evans, Antwon","Smith, Monteay",6,1,1,-1,-1,0,0,-1,1
"Evans, Antwon","Galera, Lee",7,-1,0,0,0,0,0,0,0
"Evans, Antwon","Sinath, Julie",7,-1,0,0,-1,-1,0,-1,-1
"Evans, Antwon","Carabajal III, Mason",6,0,0,-1,-1,0,0,0,-1
"Evans, Antwon","Wagner, Keenan",9,1,0,-1,0,1,1,0,0
"Evans, Antwon","Vera, Israel",7,-1,0,-1,0,0,-1,1,1
"Felix, Alexis","Solorzano, Robert",10,-1,1,1,-1,0,1,0,1
"Felix, Alexis","Dintaman, Ryan",10,1,-1,0,0,0,0,1,0
"Felix, Alexis","Barnes, Naomi",9,-1,0,1,1,-1,-1,-1,0
"Felix, Alexis","Lobato, Lolita",9,0,1,1,-1,0,0,-1,-1
"Felix, Alexis","Estrada Ayala, Gregory",7,0,-1,0,1,1,1,0,-1
"Felix, Alexis","Mishenko, Arturo",9,0,0,1,0,1,1,0,1
"Felix, Alexis","Tran, Annemarie",10,1,0,0,0,1,1,0,-1
"Felix, Alexis","Logan, Kristina",6,-1,1,0,0,-1,-1,0,0
"Felix, Alexis","Vue, Bailey",4,-1,0,1,-1,1,0,-1,-1
"Felix, Alexis","Burgdorff, Alejandro",10,1,-1,1,1,0,-1,1,1
"Felix, Alexis","Babbs, Saba",8,1,0,-1,1,-1,-1,-1,-1
"Felix, Alexis","Smith, Monteay",10,1,1,-1,-1,0,-1,-1,0
"Felix, Alexis","al-Demian, Sameera",10,0,1,-1,1,0,0,-1,1
"Felix, Alexis","Luong, Geniveve",6,0,1,-1,1,-1,-1,1,1
"al-Dada,  Sakeena","Harvey, Lorraine",8,0,1,0,-1,0,0,0,1
"al-Dada,  Sakeena","Brito, Janea",5,-1,0,0,-1,0,0,-1,0
"al-Dada,  Sakeena","Dominguez, Diana",6,0,0,0,0,-1,-1,0,0
"al-Dada,  Sakeena","Richardson, Jenelle",5,0,-1,0,-1,1,0,0,1
"al-Dada,  Sakeena","Lovett, Kaela",5,1,1,1,0,1,0,0,0
"al-Dada,  Sakeena","Sands, Austin",4,1,0,1,-1,1,0,0,-1
"al-Dada,  Sakeena","Cheung, Tylee",8,1,1,0,-1,1,0,-1,1
"al-Dada,  Sakeena","Pinon, Anthony",4,1,-1,0,0,-1,-1,1,0
"al-Dada,  Sakeena","Medina, Betty",8,1,0,-1,1,1,0,1,1
"al-Dada,  Sakeena","Loghry, Selina",7,-1,1,1,0,1,-1,0,-1
"al-Dada,  Sakeena","Kennah, Harley",6,1,-1,0,1,1,0,0,-1
"al-Dada,  Sakeena","al-Morad, Badr",9,0,-1,1,0,1,-1,0,0
"al-Dada,  Sakeena","al-Fahmy, Abdur Rasheed",9,1,-1,1,1,1,1,-1,1
"al-Dada,  Sakeena","Luong, Geniveve",3,-1,1,-1,0,-1,-1,1,1
"Macneilly, Angelique","Ahmed, Jamar",8,0,1,0,-1,0,1,-1,0
"Macneilly, Angelique","Narangerel, Taylor",10,0,0,1,0,0,0,1,1
"Macneilly, Angelique","Davis, Te'Nisha",4,0,0,0,-1,1,-1,1,0
"Macneilly, Angelique","Burgdorff, Alejandro",10,0,-1,1,1,1,0,1,1
"Macneilly, Angelique","Marrs, Caigen",7,-1,1,1,0,1,1,-1,1
"Macneilly, Angelique","Hobbs, Kristina",6,0,0,0,-1,1,-1,0,1
"Macneilly, Angelique","Le, Deanna",6,1,-1,-1,0,-1,1,0,0
"Macneilly, Angelique","al-Madani, Ghaali",8,1,0,1,-1,-1,0,1,1
"Macneilly, Angelique","al-Gad, Taamira",5,-1,1,0,0,1,0,0,1
"Macneilly, Angelique","Mckinley, Waylene",8,-1,0,1,-1,-1,1,0,1
"Macneilly, Angelique","Lefholz, Rashaan",9,1,0,1,0,1,-1,0,0
"Macneilly, Angelique","Miller, Peter",7,1,0,0,1,1,0,0,-1
"Macneilly, Angelique","Horton, Kalen",7,1,1,1,1,1,1,1,1
"Macneilly, Angelique","Kekahbah, Aaron",6,0,1,0,1,-1,-1,1,1
"Ross, Alana","Boxley, Jermaine",8,0,0,1,1,0,-1,1,-1
"Ross, Alana","Beck, Katryna",6,-1,-1,-1,-1,1,-1,0,1
"Ross, Alana","Bravo, Tyler",8,0,1,1,-1,0,0,0,0
"Ross, Alana","Richardson, Jenelle",4,-1,-1,0,-1,1,0,1,1
"Ross, Alana","Radebaugh, Kayla",4,-1,-1,1,-1,1,0,0,0
"Ross, Alana","Hobbs, Kristina",6,-1,0,-1,-1,1,-1,1,0
"Ross, Alana","el-Abdelrahman, Shukri",7,0,0,-1,-1,-1,1,1,1
"Ross, Alana","el-Reza, Saamir",6,-1,0,1,0,1,1,1,-1
"Ross, Alana","Harris, Brandon",6,0,-1,0,1,0,1,-1,0
"Ross, Alana","Aldrich, David",6,1,1,-1,0,-1,0,-1,1
"Ross, Alana","Molina, Amanda",5,1,-1,0,0,0,0,-1,0
"Ross, Alana","Worthington, Sabbrina",10,-1,1,0,1,0,1,1,1
"Ross, Alana","Williams, Elroy",6,-1,-1,0,0,0,1,1,-1
"Ross, Alana","Flores, Jose",4,0,-1,-1,0,1,1,0,-1
"Wallace, Andrew","el-Rasheed, Afeef",5,-1,-1,0,0,0,0,0,0
"Wallace, Andrew","Laymon, Alysiana",10,0,0,1,0,1,1,0,0
"Wallace, Andrew","Cox-Robinson, Kiyontus",7,1,1,1,0,-1,0,1,-1
"Wallace, Andrew","Hughes, Thailia",6,0,-1,-1,1,0,1,1,1
"Wallace, Andrew","Lai Zhou, Ka",10,1,0,1,0,1,0,0,1
"Wallace, Andrew","Zheng, Haley",8,1,0,1,1,0,1,0,1
"Wallace, Andrew","Morris, Atif",6,1,-1,1,1,1,-1,0,1
"Wallace, Andrew","Nayak, Emily",6,-1,1,0,-1,-1,1,1,1
"Wallace, Andrew","al-Nazir, Qisma",5,-1,0,1,1,-1,0,-1,0
"Wallace, Andrew","Hoffmann, Aivan Thomas",8,0,1,1,1,1,0,1,1
"Wallace, Andrew","Williams, Marcus",10,1,-1,0,1,-1,1,0,1
"Wallace, Andrew","Harris, Brandon",8,0,-1,1,1,0,1,-1,0
"Wallace, Andrew","Worthington, Sabbrina",10,0,1,-1,1,0,1,-1,0
"Wallace, Andrew","al-Demian, Sameera",7,0,1,-1,1,0,0,-1,1
"Allen, Brianna","Hamdan, David",7,0,1,1,1,1,1,1,0
"Allen, Brianna","el-Salah, Azeeza",2,-1,1,-1,0,-1,-1,0,-1
"Allen, Brianna","Beck, Katryna",7,-1,-1,-1,-1,1,-1,0,1
"Allen, Brianna","Dominguez, Diana",3,0,-1,0,1,0,-1,-1,0
"Allen, Brianna","Leyba, Serenity",5,-1,0,-1,1,-1,-1,1,-1
"Allen, Brianna","Ortiz, Siara",4,1,1,-1,-1,0,1,1,-1
"Allen, Brianna","Hernandez, Ashley",7,-1,1,0,-1,1,1,0,0
"Allen, Brianna","Madera, Aimee",8,1,1,1,-1,1,0,1,0
"Allen, Brianna","Paudel, Alexis",9,1,1,0,1,0,0,0,1
"Allen, Brianna","Henry, Daniel",5,-1,0,1,0,-1,0,-1,-1
"Allen, Brianna","el-Wahba, Mubarak",8,0,-1,1,0,0,0,0,1
"Allen, Brianna","Lynch, Ronald",5,1,0,-1,0,1,1,1,0
"Allen, Brianna","Caddy, Shannon",6,0,0,0,-1,-1,-1,0,0
"Allen, Brianna","al-Demian, Sameera",5,0,1,-1,1,0,1,-1,1
"Melphy, Brenden","el-Rasheed, Afeef",2,-1,0,-1,0,-1,0,0,0
"Melphy, Brenden","Charley, Justin",6,0,1,-1,-1,0,0,-1,0
"Melphy, Brenden","Dotson, Demetrious",10,1,1,-1,-1,0,0,1,0
"Melphy, Brenden","Leanos, Jalessa",10,1,1,1,0,1,0,0,-1
"Melphy, Brenden","Richardson, Jenelle",5,-1,-1,-1,-1,1,0,0,1
"Melphy, Brenden","el-Nasrallah, Nadeem",1,0,-1,0,-1,-1,0,1,0
"Melphy, Brenden","Babbs, Saba",9,1,1,-1,1,-1,-1,-1,-1
"Melphy, Brenden","Shangreaux, Monique",10,1,0,1,1,1,0,-1,1
"Melphy, Brenden","Dakos, Tmorchi",6,-1,1,-1,-1,0,-1,0,0
"Melphy, Brenden","Hart, Jaslyn",6,1,-1,1,0,1,1,0,-1
"Melphy, Brenden","al-Ammar, Ramziyya",7,1,-1,-1,1,1,1,1,-1
"Melphy, Brenden","Price, Takesha",9,1,0,1,1,0,0,0,1
"Melphy, Brenden","Nguyen, Min",3,0,1,0,-1,1,0,1,-1
"Melphy, Brenden","Bayles, Savannah",10,1,1,1,0,1,0,0,0
"Poloa, Brian","Lee, Charles",5,1,0,1,0,0,0,1,1
"Poloa, Brian","Wade, Fred",6,1,0,-1,0,1,0,1,0
"Poloa, Brian","Schloegl, Bryce",6,-1,0,-1,-1,-1,1,0,-1
"Poloa, Brian","Hernandez, Ashley",5,0,1,0,-1,1,0,-1,0
"Poloa, Brian","al-Nazir, Qisma",4,-1,0,1,0,-1,0,0,0
"Poloa, Brian","Hornbuckle, Dabreona",4,-1,0,-1,-1,1,0,-1,1
"Poloa, Brian","Cowart, Ca'La",1,0,0,0,-1,-1,-1,0,0
"Poloa, Brian","Puebla, Martin",7,0,1,1,-1,0,0,1,0
"Poloa, Brian","Hart, Jaslyn",1,0,-1,1,1,0,1,0,-1
"Poloa, Brian","Ho, Jumana",8,1,0,0,0,0,-1,1,1
"Poloa, Brian","Baca, James",5,1,1,0,1,1,1,0,1
"Poloa, Brian","al-Mourad, Shafaaa",0,0,-1,-1,0,0,0,0,0
"Poloa, Brian","el-Kazi, Aaqil",0,-1,0,-1,0,0,1,0,-1
"Poloa, Brian","al-Amer, Hiwaaya",5,0,0,0,-1,0,0,1,-1
"Vang, Baosan","Fields, Rashiah",3,-1,1,-1,1,0,0,-1,0
"Vang, Baosan","Hughes, Thailia",4,0,-1,-1,1,1,1,0,1
"Vang, Baosan","Banuelos-Rivas, Denisse",6,1,0,-1,-1,1,0,-1,1
"Vang, Baosan","Gullatt, Josiah",5,1,0,-1,-1,0,0,0,-1
"Vang, Baosan","al-Sader, Zubair",2,0,-1,-1,0,-1,-1,-1,-1
"Vang, Baosan","al-Waheed, Himma",2,1,1,-1,0,0,0,1,0
"Vang, Baosan","Schloegl, Bryce",6,-1,0,-1,-1,-1,0,0,0
"Vang, Baosan","Berhane, Taylor",8,1,-1,0,0,-1,1,1,0
"Vang, Baosan","al-Farha, Faseeha",7,1,0,1,0,0,1,1,1
"Vang, Baosan","Pacheco, Jazmyen",7,-1,-1,0,0,1,-1,-1,0
"Vang, Baosan","Bennett, Benjamin",8,-1,-1,0,1,1,-1,1,1
"Vang, Baosan","Lynch, Ronald",5,1,0,-1,-1,1,1,0,-1
"Vang, Baosan","el-Nazar, Hazeela",0,0,-1,-1,0,-1,-1,-1,-1
"Vang, Baosan","Gallegos, Lakeysha",6,-1,0,-1,1,-1,-1,0,0
"Yancy, Brandon","Rawlings, Jordan",8,-1,1,1,0,-1,-1,1,0
"Yancy, Brandon","Montgomery, Adriena",2,-1,0,0,-1,-1,-1,-1,-1
"Yancy, Brandon","Lozano-Garcia, Jordan",4,0,1,1,0,0,1,0,0
"Yancy, Brandon","Parker, Donovon",7,-1,1,1,1,0,0,1,1
"Yancy, Brandon","Tran, Annemarie",7,0,1,0,1,0,1,0,-1
"Yancy, Brandon","Sarabia Rios, Ricardo",8,-1,1,1,0,0,1,0,1
"Yancy, Brandon","Johnson, Levi",3,1,0,0,-1,-1,0,0,0
"Yancy, Brandon","Gomez, Yesenia",2,1,1,-1,1,1,0,0,-1
"Yancy, Brandon","Rundle, Jeremy",5,1,0,1,0,-1,0,1,0
"Yancy, Brandon","Lovett, Kaela",7,1,0,0,1,0,-1,0,0
"Yancy, Brandon","Nyre, Tavien",6,0,1,0,1,0,1,-1,1
"Yancy, Brandon","Roberts, Tyrone",8,1,-1,1,1,0,1,0,1
"Yancy, Brandon","Worthington, Sabbrina",6,0,1,0,1,0,0,-1,0
"Yancy, Brandon","Ortiz Martinez, Kiana",5,1,0,0,0,-1,0,1,0
"Asklof, Cody","el-Nawaz, Ghaaliba",4,1,0,-1,0,-1,1,0,-1
"Asklof, Cody","Hughes, Thailia",6,0,-1,0,0,0,1,1,1
"Asklof, Cody","Manley, Kristopher",8,0,1,0,0,1,0,-1,1
"Asklof, Cody","Dillard, Sierra",9,0,0,0,0,1,1,-1,0
"Asklof, Cody","Marrs, Caigen",5,-1,1,1,-1,0,1,-1,1
"Asklof, Cody","Smith, Monteay",6,1,1,-1,-1,0,0,0,1
"Asklof, Cody","Mrotek, August",9,0,1,0,-1,1,0,1,0
"Asklof, Cody","al-Wakim, Wajeeha",8,0,0,0,-1,-1,1,0,1
"Asklof, Cody","Frazier, Imani",7,0,1,0,1,1,1,0,0
"Asklof, Cody","Tafoya, Alejandra",9,0,1,0,1,1,0,1,0
"Asklof, Cody","Weiss, Zachary",5,0,0,0,1,0,1,0,0
"Asklof, Cody","Khanal, Farhan",3,1,1,0,1,-1,1,0,-1
"Asklof, Cody","Alarid, Sage",5,1,0,1,1,-1,0,0,-1
"Asklof, Cody","Kennah, Harley",6,0,1,-1,1,1,1,-1,-1
"Chacon, Ceedric","Spoon, Tammassha",3,0,0,0,-1,0,0,1,0
"Chacon, Ceedric","el-Chahine, Shakeela",7,-1,1,0,0,1,0,1,0
"Chacon, Ceedric","Schneider, Deja",8,1,-1,1,0,0,1,-1,0
"Chacon, Ceedric","Logan, Kristina",6,1,1,-1,-1,0,0,0,0
"Chacon, Ceedric","al-Waheed, Himma",5,1,1,-1,0,0,0,1,1
"Chacon, Ceedric","Llamas, Jessica",8,0,0,1,1,0,1,0,-1
"Chacon, Ceedric","al-Bagheri, Shujaa",6,0,0,1,0,-1,1,1,0
"Chacon, Ceedric","Harris, Brandon",6,1,-1,1,1,0,1,-1,0
"Chacon, Ceedric","Hicks, Ayana",2,1,-1,0,-1,1,-1,0,0
"Chacon, Ceedric","Kekahbah, Aaron",4,0,0,-1,1,-1,-1,1,0
"Chacon, Ceedric","el-Salem, Insaaf",6,1,1,0,0,-1,1,-1,0
"Chacon, Ceedric","al-Amer, Hiwaaya",7,0,0,-1,0,0,0,1,-1
"Chacon, Ceedric","al-Morad, Badr",7,1,-1,1,0,1,-1,0,0
"Chacon, Ceedric","Moore, Selena",9,0,0,-1,0,1,-1,1,0
"Flores Jr, Cynthia","Dintaman, Ryan",10,1,1,0,-1,1,0,1,1
"Flores Jr, Cynthia","al-Awan, Nawaal",7,1,0,1,1,0,0,-1,-1
"Flores Jr, Cynthia","Stauter, Wesley",7,-1,0,0,0,0,-1,0,0
"Flores Jr, Cynthia","Ortiz, Siara",6,-1,-1,-1,-1,0,-1,1,-1
"Flores Jr, Cynthia","Johnson, Corey",9,0,1,1,1,0,-1,1,0
"Flores Jr, Cynthia","Camack, Paul",6,0,-1,1,-1,0,1,1,1
"Flores Jr, Cynthia","Pino, Willow",9,0,0,1,0,1,0,1,1
"Flores Jr, Cynthia","Vandersluis, Amber",7,0,-1,0,-1,1,0,0,1
"Flores Jr, Cynthia","el-Hashem, Shaamil",10,0,0,0,1,1,0,0,1
"Flores Jr, Cynthia","el-Kazemi, Arshad",10,0,1,0,1,-1,1,0,-1
"Flores Jr, Cynthia","Salaz, Shiann",7,0,1,0,1,1,1,0,0
"Flores Jr, Cynthia","Mckinley, Waylene",9,-1,1,1,0,0,0,1,0
"Flores Jr, Cynthia","Malott, Hannah",9,1,0,1,-1,0,0,0,1
"Flores Jr, Cynthia","al-Fahmy, Abdur Rasheed",10,1,-1,-1,1,1,1,0,1
"Kellen, Cale","Teuton, Laura",5,0,1,1,-1,-1,0,0,1
"Kellen, Cale","Khatter, Dakota",6,-1,0,1,1,0,1,0,1
"Kellen, Cale","el-Jamal, Muaaid",10,1,0,1,1,1,1,1,0
"Kellen, Cale","Romero, Lisbet",9,1,1,-1,0,0,0,1,1
"Kellen, Cale","el-Nouri, Wajdiyya",8,0,1,1,-1,1,0,1,1
"Kellen, Cale","el-Chahine, Shakeela",7,1,0,-1,-1,1,1,1,0
"Kellen, Cale","Llamas, Jessica",10,1,1,1,1,1,1,-1,-1
"Kellen, Cale","Gardner, Martin",7,-1,0,-1,1,1,1,1,1
"Kellen, Cale","Rodriguez, Ryan",10,1,1,1,0,0,0,-1,1
"Kellen, Cale","Lopez-Ortiz, Christopher",7,-1,0,-1,-1,0,-1,1,1
"Kellen, Cale","Brown, Reno",6,1,0,1,0,-1,1,0,1
"Kellen, Cale","Pacheco, Jazmyen",7,-1,-1,0,0,0,0,-1,0
"Kellen, Cale","Bradford, Timothy",6,1,0,-1,0,-1,1,-1,1
"Kellen, Cale","Worthington, Sabbrina",9,0,0,1,1,0,1,0,1
"Mada, Colby","Edler, Patrick",4,0,0,1,-1,0,0,0,0
"Mada, Colby","Sarwana, Melina",4,0,-1,1,0,0,1,-1,-1
"Mada, Colby","Tran, Annemarie",7,1,-1,0,0,1,1,0,-1
"Mada, Colby","el-Huda, Jaarallah",6,1,1,-1,1,0,-1,1,1
"Mada, Colby","Gonzales, Katie",6,-1,1,-1,0,0,-1,1,-1
"Mada, Colby","Silas, Joel",5,0,1,1,1,0,-1,0,0
"Mada, Colby","Moua, Sarah",7,1,1,0,1,1,1,1,0
"Mada, Colby","Bird, Kaitlyn",7,1,1,0,1,0,0,1,1
"Mada, Colby","al-Jama, Raaji",8,1,1,1,1,1,1,0,0
"Mada, Colby","Pinon, Anthony",4,1,0,0,1,0,0,1,0
"Mada, Colby","Kekahbah, Aaron",5,0,0,0,1,-1,-1,1,1
"Mada, Colby","Gallegos, Lakeysha",6,0,0,-1,1,-1,0,0,1
"Mada, Colby","Williams, Elroy",4,-1,0,1,0,0,1,-1,-1
"Mada, Colby","Delarosa-Arroyo, Erick",4,-1,0,-1,0,0,1,-1,1
"Mcclaskey, Colter","el-Rasheed, Afeef",1,-1,-1,1,-1,0,0,0,0
"Mcclaskey, Colter","Polashock, Shawn",10,0,1,1,1,1,1,1,-1
"Mcclaskey, Colter","al-Baten, Raita",7,1,-1,0,0,0,1,0,-1
"Mcclaskey, Colter","Montgomery, Adriena",1,-1,-1,-1,-1,-1,-1,0,1
"Mcclaskey, Colter","Sarwana, Melina",5,-1,1,-1,0,-1,1,0,0
"Mcclaskey, Colter","Lai Zhou, Ka",9,1,0,1,1,1,0,1,0
"Mcclaskey, Colter","Zheng, Haley",8,0,0,1,1,1,0,0,1
"Mcclaskey, Colter","Schneider, Deja",9,0,0,1,0,0,1,0,0
"Mcclaskey, Colter","al-Gad, Taamira",5,-1,1,-1,0,1,1,0,1
"Mcclaskey, Colter","Baca, James",8,0,0,-1,1,1,1,-1,0
"Mcclaskey, Colter","Lynch, Ronald",7,1,0,-1,0,1,0,0,0
"Mcclaskey, Colter","Gustafson, Joseph",8,1,0,1,1,-1,0,0,1
"Mcclaskey, Colter","Wise, Bailey",9,1,0,-1,0,1,1,1,0
"Mcclaskey, Colter","Delarosa-Arroyo, Erick",7,-1,0,-1,0,1,-1,-1,1
"Munsey, Connor","Dintaman, Ryan",9,1,-1,1,0,1,1,1,0
"Munsey, Connor","Pallister, Gabriel",7,1,0,0,1,1,1,0,1
"Munsey, Connor","Ahmed, Jamar",5,0,0,1,-1,0,0,0,-1
"Munsey, Connor","Cooper, Nader",8,1,-1,1,1,1,0,-1,-1
"Munsey, Connor","Harvey, Lorraine",8,0,1,1,0,0,1,-1,1
"Munsey, Connor","Blackwater, Cinead",10,1,1,-1,0,1,0,0,0
"Munsey, Connor","Mayden, Edna",5,0,1,-1,-1,0,0,1,-1
"Munsey, Connor","Martinez, Derek",7,0,1,-1,0,1,0,0,0
"Munsey, Connor","Bravo, Tyler",8,1,1,0,1,-1,0,0,-1
"Munsey, Connor","Schloegl, Bryce",7,-1,0,0,-1,0,1,0,-1
"Munsey, Connor","Phan, Patrick",7,1,1,0,0,1,-1,0,1
"Munsey, Connor","Kunzman, Hakeem",8,1,-1,1,0,1,1,1,0
"Munsey, Connor","al-Azam, Raaida",6,-1,0,-1,1,-1,-1,0,-1
"Munsey, Connor","Moimoi, Leah Frances",6,1,1,1,0,0,-1,1,0
"Rouze, Christina","Deniro, Marquis",10,0,1,0,-1,0,0,0,1
"Rouze, Christina","Ream, Brian",9,-1,1,0,0,1,1,0,0
"Rouze, Christina","al-Baten, Raita",7,0,0,0,0,0,0,0,-1
"Rouze, Christina","Manley, Kristopher",10,0,1,0,-1,0,0,-1,1
"Rouze, Christina","Sarwana, Melina",6,-1,0,1,0,1,1,0,-1
"Rouze, Christina","Mayden, Edna",7,0,1,0,-1,-1,0,0,-1
"Rouze, Christina","Boigenzahn, Lauren",8,1,1,0,-1,0,1,1,-1
"Rouze, Christina","Tahlo, Emma",10,1,1,1,0,1,1,1,0
"Rouze, Christina","Flores Alvidrez, James",5,0,1,0,-1,-1,-1,0,-1
"Rouze, Christina","Garcia, Waynoka",7,-1,1,-1,-1,-1,0,-1,1
"Rouze, Christina","al-Khalil, Salmaan",9,-1,0,1,-1,0,0,-1,-1
"Rouze, Christina","Paudel, Alexis",10,0,1,1,1,1,1,-1,1
"Rouze, Christina","al-Mourad, Shafaaa",4,-1,-1,0,0,-1,-1,0,0
"Rouze, Christina","Duran, Jennifer",10,0,1,1,1,0,-1,0,1
"Slatten, Cooper","Smith, Erin",8,1,1,-1,1,0,0,-1,-1
"Slatten, Cooper","Edler, Patrick",7,1,-1,0,0,1,0,0,-1
"Slatten, Cooper","Arato, Sarah",4,0,0,-1,0,0,0,-1,1
"Slatten, Cooper","Romero, Lisbet",10,1,0,0,0,-1,0,1,1
"Slatten, Cooper","Deherrera, Nicole",7,0,0,1,-1,-1,0,0,0
"Slatten, Cooper","Gullatt, Josiah",8,1,-1,-1,-1,0,-1,0,-1
"Slatten, Cooper","al-Nazir, Qisma",6,0,0,1,1,-1,0,1,0
"Slatten, Cooper","al-Adel, Raheema",10,-1,0,-1,1,1,0,1,1
"Slatten, Cooper","Maxie, Ezana",9,-1,0,0,0,-1,0,-1,0
"Slatten, Cooper","Vandersluis, Amber",8,0,-1,1,1,1,0,0,1
"Slatten, Cooper","Spore, Von Buddenbrock",7,0,1,0,0,-1,-1,-1,1
"Slatten, Cooper","Wagner, Keenan",9,1,0,0,0,1,1,0,0
"Slatten, Cooper","Loghry, Selina",10,-1,1,1,1,1,-1,1,0
"Slatten, Cooper","al-Beshara, Hakeema",6,1,1,0,0,1,0,-1,0
"Strauss-Subia, Carlee","Khatter, Dakota",7,-1,0,-1,0,0,1,1,1
"Strauss-Subia, Carlee","el-Noorani, Huraira",10,0,0,0,0,0,0,-1,0
"Strauss-Subia, Carlee","Hughes, Thailia",8,0,-1,0,1,1,1,1,1
"Strauss-Subia, Carlee","Wade, Fred",10,1,0,-1,0,0,0,1,0
"Strauss-Subia, Carlee","Sarwana, Melina",6,-1,-1,1,1,0,1,0,-1
"Strauss-Subia, Carlee","Davis, Te'Nisha",5,0,-1,0,1,0,-1,0,0
"Strauss-Subia, Carlee","Lee, Benjamin",10,1,1,-1,-1,1,0,1,1
"Strauss-Subia, Carlee","Mendoza, Hannah",9,-1,0,0,1,1,0,0,1
"Strauss-Subia, Carlee","Boyer, Filitaa",8,0,-1,-1,0,0,1,-1,-1
"Strauss-Subia, Carlee","Price, Takesha",9,1,1,-1,1,0,0,0,1
"Strauss-Subia, Carlee","Lucero, Brandon",10,0,1,-1,1,0,0,0,1
"Strauss-Subia, Carlee","Kassmeier, Lauryn",8,1,0,0,1,1,0,0,1
"Strauss-Subia, Carlee","Lukens, Justin",7,1,-1,1,0,1,0,0,1
"Strauss-Subia, Carlee","Delarosa, Urian",10,1,-1,0,0,1,1,1,0
"Velasquez, Crue","Hamdan, David",6,0,1,1,1,1,1,1,-1
"Velasquez, Crue","Laymon, Alysiana",9,0,0,1,0,1,1,-1,1
"Velasquez, Crue","Harvey, Lorraine",9,0,1,-1,0,1,0,1,1
"Velasquez, Crue","Logan, Kristina",6,0,1,0,-1,1,0,0,0
"Velasquez, Crue","Hoffmann, Aivan Thomas",8,0,1,1,1,1,1,1,0
"Velasquez, Crue","al-Wakim, Wajeeha",10,0,0,1,1,-1,1,-1,0
"Velasquez, Crue","Silas, Joel",5,-1,1,1,1,1,-1,0,0
"Velasquez, Crue","Wagner, Keenan",8,1,0,-1,0,1,1,0,0
"Velasquez, Crue","Bennett, Benjamin",8,0,0,0,1,1,1,0,1
"Velasquez, Crue","Kabotie, Desiree",4,0,-1,-1,0,0,-1,0,1
"Velasquez, Crue","al-Jama, Raaji",8,1,1,1,0,1,1,1,0
"Velasquez, Crue","Kekahbah, Aaron",6,-1,0,0,1,-1,-1,1,0
"Velasquez, Crue","Diaz, Alisha",8,1,1,-1,0,1,0,1,1
"Velasquez, Crue","Reyes, Lanisha",9,1,1,1,0,1,-1,0,1
"Coppoli, Dallas","Solorzano, Robert",4,-1,1,1,-1,0,1,-1,1
"Coppoli, Dallas","Edler, Patrick",3,1,1,0,-1,0,0,0,-1
"Coppoli, Dallas","Turner, Christian",5,1,-1,-1,-1,1,-1,1,0
"Coppoli, Dallas","Dotson, Demetrious",5,1,1,0,0,1,-1,0,1
"Coppoli, Dallas","Weasel Bear, Daniel",2,0,-1,0,1,0,0,1,1
"Coppoli, Dallas","Brito, Janea",4,-1,1,0,-1,-1,0,0,-1
"Coppoli, Dallas","Martinez, Derek",6,0,0,1,1,0,-1,0,0
"Coppoli, Dallas","Vue, Bailey",0,-1,0,1,-1,0,-1,0,0
"Coppoli, Dallas","el-Majid, Muneeb",7,0,0,1,0,0,0,1,1
"Coppoli, Dallas","Shangreaux, Monique",8,1,1,0,1,0,1,-1,0
"Coppoli, Dallas","Galera, Lee",6,-1,1,1,1,-1,-1,1,1
"Coppoli, Dallas","Alaniz, Jesus-Isai",8,1,0,-1,0,1,1,0,1
"Coppoli, Dallas","Carabajal III, Mason",1,0,-1,0,-1,1,1,0,0
"Coppoli, Dallas","Vigil, Ernesto",1,0,0,1,0,-1,0,0,0
"Housley, Demetrius","Khatter, Dakota",5,-1,1,1,1,0,1,1,1
"Housley, Demetrius","Montgomery, Adriena",0,-1,-1,-1,-1,-1,-1,-1,0
"Housley, Demetrius","Zheng, Haley",7,-1,0,1,0,1,0,1,1
"Housley, Demetrius","al-Waheed, Himma",3,1,0,-1,0,0,1,1,0
"Housley, Demetrius","Radebaugh, Kayla",3,-1,-1,0,0,0,-1,0,0
"Housley, Demetrius","Foster, Nichelle",5,1,1,1,-1,1,1,1,1
"Housley, Demetrius","Ortiz, Siara",1,0,1,-1,-1,0,0,0,-1
"Housley, Demetrius","el-Hamady, Shahaama",5,1,0,0,1,1,-1,1,0
"Housley, Demetrius","Bradford, Timothy",7,1,0,-1,1,0,1,-1,-1
"Housley, Demetrius","Bohannon-Pea, Yaphet",6,-1,1,1,1,0,0,1,-1
"Housley, Demetrius","al-Fahmy, Abdur Rasheed",7,1,0,0,1,1,0,0,1
"Housley, Demetrius","Alvarado, Madeline",9,1,1,1,1,0,1,0,0
"Housley, Demetrius","Whyte, Tashina",7,1,1,-1,0,1,1,1,-1
"Housley, Demetrius","Flores, Jose",7,0,-1,0,0,1,1,0,-1
"Hyatt, Dakota","Teuton, Laura",7,1,1,0,0,-1,1,0,0
"Hyatt, Dakota","Lai Zhou, Ka",8,1,0,1,1,1,0,1,0
"Hyatt, Dakota","Agard, Stephanie",8,1,1,0,1,0,1,-1,0
"Hyatt, Dakota","Dominguez, Diana",4,0,-1,-1,1,-1,-1,0,0
"Hyatt, Dakota","Berhane, Taylor",7,1,-1,0,0,0,0,1,0
"Hyatt, Dakota","Garcia, Justin",5,-1,0,1,-1,0,1,-1,-1
"Hyatt, Dakota","Miller, Ariel",7,1,0,0,1,1,1,1,0
"Hyatt, Dakota","Bahns, Maria",3,0,-1,1,1,0,1,-1,-1
"Hyatt, Dakota","Silas, Joel",7,0,1,0,1,1,-1,0,0
"Hyatt, Dakota","Vera, Israel",10,0,1,0,0,-1,0,0,0
"Hyatt, Dakota","Yanez, Edgar",9,0,0,0,-1,1,1,-1,0
"Hyatt, Dakota","Gustafson, Joseph",7,1,0,0,1,0,0,-1,0
"Hyatt, Dakota","Horton, Kalen",6,0,1,0,1,0,1,1,0
"Hyatt, Dakota","Gonzales, Kalyn",5,0,0,0,-1,1,-1,-1,0
"Jackson, Dominick","Teuton, Laura",4,1,1,1,-1,-1,1,1,0
"Jackson, Dominick","Laymon, Alysiana",8,1,1,1,0,1,1,0,1
"Jackson, Dominick","Deniro, Marquis",7,0,1,0,0,0,1,-1,1
"Jackson, Dominick","Deherrera, Nicole",7,-1,1,0,-1,-1,1,0,0
"Jackson, Dominick","Mishenko, Arturo",6,0,-1,1,0,0,1,0,0
"Jackson, Dominick","Foster, Nichelle",7,1,1,-1,-1,1,0,0,1
"Jackson, Dominick","Andrews, Zachery",6,1,0,1,1,0,0,1,1
"Jackson, Dominick","Kunzman, Hakeem",6,1,0,0,1,1,0,1,0
"Jackson, Dominick","Lucero, Brandon",9,0,0,0,1,0,-1,1,1
"Jackson, Dominick","Washington, Mariamawit",7,-1,1,-1,0,1,-1,0,0
"Jackson, Dominick","Kabotie, Desiree",3,0,-1,-1,1,1,-1,1,1
"Jackson, Dominick","Diaz, Alisha",5,1,0,1,0,1,0,1,1
"Jackson, Dominick","Kennah, Harley",4,0,0,1,0,1,0,-1,0
"Jackson, Dominick","Walker, Dejouray",8,0,1,0,1,0,1,1,-1
"Zavala, Dominic","Gullatt, Josiah",5,1,0,-1,-1,0,0,0,0
"Zavala, Dominic","Sarabia Rios, Ricardo",10,0,1,0,0,0,0,1,1
"Zavala, Dominic","Radebaugh, Kayla",5,-1,-1,1,-1,0,-1,0,-1
"Zavala, Dominic","Hobbs, Kristina",6,-1,0,0,-1,0,-1,1,0
"Zavala, Dominic","Babbs, Saba",6,0,0,-1,-1,-1,-1,-1,-1
"Zavala, Dominic","Goddard, Austin",5,0,-1,-1,0,-1,-1,0,-1
"Zavala, Dominic","Miller, Ariel",9,1,1,0,1,1,1,1,1
"Zavala, Dominic","Cunningham, Ajunae",7,0,-1,1,0,0,1,1,0
"Zavala, Dominic","el-Hashem, Shaamil",8,0,0,1,1,0,1,0,1
"Zavala, Dominic","Chu, Sanate",8,0,-1,1,1,1,1,1,0
"Zavala, Dominic","Tutt, Briana",7,-1,0,1,1,1,0,-1,0
"Zavala, Dominic","Duran, Jennifer",10,0,1,1,1,0,0,-1,1
"Zavala, Dominic","al-Amer, Hiwaaya",9,0,0,0,0,0,0,0,-1
"Zavala, Dominic","Kennah, Harley",6,0,1,0,0,1,0,-1,0
"Fuentes, Eduardo","al-Awan, Nawaal",5,1,0,1,0,-1,0,0,-1
"Fuentes, Eduardo","al-Baten, Raita",4,1,-1,0,0,1,1,0,-1
"Fuentes, Eduardo","Kills In Sight, Jacob",6,1,-1,1,0,-1,0,0,-1
"Fuentes, Eduardo","al-Masri, Saara",4,0,1,0,-1,-1,-1,0,0
"Fuentes, Eduardo","Nayak, Emily",4,-1,1,1,-1,0,0,1,1
"Fuentes, Eduardo","Andrews, Zachery",7,1,1,0,1,0,0,1,-1
"Fuentes, Eduardo","Smith, Monteay",7,1,1,-1,0,0,1,-1,1
"Fuentes, Eduardo","Lovett, Kaela",6,0,0,0,1,1,0,1,-1
"Fuentes, Eduardo","Chuong, Athena",8,0,1,1,0,0,-1,1,1
"Fuentes, Eduardo","Delgado, Zachary",5,0,1,1,0,-1,0,1,0
"Fuentes, Eduardo","Bennett, Benjamin",9,-1,-1,0,0,1,0,0,1
"Fuentes, Eduardo","Sandoval, Dylan",5,0,0,-1,0,1,1,0,0
"Fuentes, Eduardo","Mcelhaney, Kevin",5,0,0,0,1,1,-1,1,-1
"Fuentes, Eduardo","Miller, Peter",3,1,1,-1,0,1,-1,0,0
"Riser, Elijah","Hamdan, David",8,0,0,1,1,1,1,0,1
"Riser, Elijah","al-Javid, Faatin",2,-1,0,-1,0,-1,-1,-1,-1
"Riser, Elijah","Lee, Charles",6,0,1,1,1,0,1,1,1
"Riser, Elijah","O'Hearne, Parker",7,1,1,0,-1,1,-1,0,1
"Riser, Elijah","Vue, Bailey",3,0,1,1,-1,0,-1,-1,-1
"Riser, Elijah","Hobbs, Kristina",6,-1,-1,1,-1,1,-1,1,1
"Riser, Elijah","Sinath, Julie",7,0,-1,0,1,-1,0,-1,-1
"Riser, Elijah","el-Hakeem, Zaamil",7,1,1,-1,1,0,0,-1,0
"Riser, Elijah","Umemura, Chaelene",7,1,1,1,1,1,1,-1,1
"Riser, Elijah","Brown, Reno",7,1,-1,0,1,-1,0,0,0
"Riser, Elijah","Castillo, Adriana",7,0,1,-1,0,1,1,1,-1
"Riser, Elijah","Worthington, Sabbrina",8,0,1,0,1,-1,1,0,1
"Riser, Elijah","el-Salem, Insaaf",5,0,1,0,-1,-1,1,0,1
"Riser, Elijah","Loghry, Selina",8,-1,1,1,0,1,-1,1,-1
"al-Meer, Fawzi","Barnes, Naomi",8,-1,1,0,1,0,0,0,1
"al-Meer, Fawzi","Rawlings, Jordan",8,-1,1,1,0,0,-1,0,-1
"al-Meer, Fawzi","Foster, Nichelle",6,1,1,0,-1,1,0,0,1
"al-Meer, Fawzi","el-Majid, Muneeb",7,0,0,1,-1,1,0,1,1
"al-Meer, Fawzi","York, Danni",6,0,0,-1,1,1,0,0,1
"al-Meer, Fawzi","Lucero, Brandon",9,0,0,0,1,0,1,1,0
"al-Meer, Fawzi","el-Ghani, Saadiq",7,-1,-1,0,0,-1,1,0,0
"al-Meer, Fawzi","al-Aydin, Mu'hsina",10,0,1,0,0,1,1,1,1
"al-Meer, Fawzi","Nyre, Tavien",7,1,1,1,1,-1,0,-1,-1
"al-Meer, Fawzi","el-Kazi, Aaqil",2,0,1,-1,-1,0,1,0,-1
"al-Meer, Fawzi","Edwards, Colette",7,1,1,0,0,0,1,-1,-1
"al-Meer, Fawzi","Gibbons, Geneva",7,0,0,0,1,-1,0,1,1
"al-Meer, Fawzi","Sandoval, Dylan",6,0,1,-1,1,0,1,-1,1
"al-Meer, Fawzi","el-Nazar, Hazeela",0,0,-1,-1,-1,-1,-1,-1,-1
"el-Habibi, Farhaana","Harvey, Lorraine",9,0,1,0,0,0,0,-1,1
"el-Habibi, Farhaana","al-Javid, Faatin",3,-1,0,-1,0,0,-1,-1,-1
"el-Habibi, Farhaana","al-Awan, Nawaal",8,0,1,0,0,-1,0,0,-1
"el-Habibi, Farhaana","Silos, Mareena",9,-1,0,0,-1,0,0,0,0
"el-Habibi, Farhaana","Stauter, Wesley",8,0,-1,0,-1,0,-1,0,0
"el-Habibi, Farhaana","Boigenzahn, Lauren",8,1,1,-1,-1,0,1,0,-1
"el-Habibi, Farhaana","el-Nasrallah, Nadeem",4,0,0,1,-1,-1,0,1,0
"el-Habibi, Farhaana","Gardner, Martin",5,-1,1,0,1,1,1,1,1
"el-Habibi, Farhaana","Cunningham, Ajunae",9,0,-1,1,0,1,1,1,-1
"el-Habibi, Farhaana","Mauga, Esther",7,1,1,-1,0,1,1,1,1
"el-Habibi, Farhaana","Harris, Brandon",8,-1,-1,1,0,0,1,-1,0
"el-Habibi, Farhaana","Alaniz, Jesus-Isai",10,1,-1,-1,0,1,0,0,1
"el-Habibi, Farhaana","Kassmeier, Lauryn",6,0,1,0,1,0,1,-1,0
"el-Habibi, Farhaana","Malott, Hannah",7,1,0,1,0,0,0,-1,1
"el-Salim, Ghaaliya","Agard, Stephanie",4,0,1,0,1,1,0,-1,0
"el-Salim, Ghaaliya","al-Sader, Zubair",0,-1,-1,0,0,-1,-1,-1,-1
"el-Salim, Ghaaliya","Johnson, Levi",2,1,0,0,-1,-1,0,-1,0
"el-Salim, Ghaaliya","Schloegl, Bryce",4,-1,-1,0,-1,0,0,0,-1
"el-Salim, Ghaaliya","el-Nasrallah, Nadeem",1,-1,-1,1,-1,-1,-1,1,1
"el-Salim, Ghaaliya","Boyer, Filitaa",3,0,0,-1,0,0,1,1,-1
"el-Salim, Ghaaliya","Andrews, Zachery",2,1,1,1,0,1,1,1,0
"el-Salim, Ghaaliya","Mahan, James",2,-1,-1,-1,1,0,1,-1,-1
"el-Salim, Ghaaliya","Puebla, Martin",6,1,1,1,0,0,0,1,-1
"el-Salim, Ghaaliya","Moua, Sarah",4,1,0,0,1,1,1,1,0
"el-Salim, Ghaaliya","Yanez, Edgar",4,0,0,-1,-1,1,1,0,0
"el-Salim, Ghaaliya","Gustafson, Joseph",5,1,0,0,1,-1,1,0,1
"el-Salim, Ghaaliya","Calzadillas Aguirre, Katie",2,-1,0,0,1,0,1,-1,1
"el-Salim, Ghaaliya","Gallegos, Lakeysha",6,0,0,-1,1,1,0,0,0
"al-Jamal, Haani","Lathan, Rhemi",3,1,1,-1,1,0,-1,0,-1
"al-Jamal, Haani","Logan, Kristina",6,-1,1,0,-1,-1,0,0,0
"al-Jamal, Haani","Silos, Mareena",5,0,1,0,0,0,1,0,1
"al-Jamal, Haani","Sarabia Rios, Ricardo",7,0,1,0,1,0,1,1,1
"al-Jamal, Haani","el-Nasrallah, Nadeem",3,-1,-1,1,-1,-1,-1,1,1
"al-Jamal, Haani","Hobbs, Kristina",7,-1,0,0,0,1,-1,1,-1
"al-Jamal, Haani","Amerson, Scheridan",10,0,1,1,1,-1,0,0,0
"al-Jamal, Haani","Pino, Willow",7,-1,-1,1,1,0,0,0,1
"al-Jamal, Haani","Hunter, Warren",3,0,-1,-1,0,0,1,0,0
"al-Jamal, Haani","Lucero, Brandon",9,1,0,0,1,1,0,1,1
"al-Jamal, Haani","Cheung, Tylee",7,1,1,-1,-1,1,0,-1,1
"al-Jamal, Haani","Jones, Ha'Dori",8,-1,0,1,0,0,-1,-1,1
"al-Jamal, Haani","Mcelhaney, Kevin",6,-1,0,-1,1,1,-1,0,0
"al-Jamal, Haani","Walker, Dejouray",7,0,1,0,1,1,1,1,-1
"al-Shaikh, Hujja","Solorzano, Robert",9,-1,1,1,-1,1,1,0,1
"al-Shaikh, Hujja","Cooper, Nader",6,1,-1,1,1,0,-1,-1,-1
"al-Shaikh, Hujja","Cox-Robinson, Kiyontus",8,1,1,1,0,0,0,1,-1
"al-Shaikh, Hujja","O'Hearne, Parker",4,1,1,1,-1,0,-1,0,1
"al-Shaikh, Hujja","Blackwater, Cinead",7,1,1,-1,1,1,1,0,0
"al-Shaikh, Hujja","Lai Zhou, Ka",8,0,-1,1,1,1,1,0,0
"al-Shaikh, Hujja","Lathan, Rhemi",3,1,0,-1,0,0,-1,0,0
"al-Shaikh, Hujja","Gullatt, Josiah",3,1,-1,-1,-1,0,0,0,-1
"al-Shaikh, Hujja","Gardner, Martin",4,-1,-1,0,1,1,0,0,0
"al-Shaikh, Hujja","Dakos, Tmorchi",6,-1,1,-1,-1,0,-1,0,0
"al-Shaikh, Hujja","Ho, Jumana",10,0,-1,0,0,1,0,1,0
"al-Shaikh, Hujja","Bahns, Maria",1,0,0,1,1,0,1,0,-1
"al-Shaikh, Hujja","Gonzales, Kalyn",7,0,0,0,0,1,0,-1,0
"al-Shaikh, Hujja","Moore, Selena",9,1,0,0,0,1,0,1,-1
"el-Baig, Hamdoona","Smith, Erin",8,1,1,0,-1,0,-1,1,0
"el-Baig, Hamdoona","Dintaman, Ryan",10,1,-1,0,0,1,0,1,-1
"el-Baig, Hamdoona","Polashock, Shawn",10,0,1,1,1,1,1,1,1
"el-Baig, Hamdoona","Boyer, Filitaa",8,0,-1,-1,0,0,1,0,0
"el-Baig, Hamdoona","Llamas, Jessica",10,1,1,1,0,1,1,-1,0
"el-Baig, Hamdoona","Ortiz, Siara",6,0,0,-1,-1,-1,0,1,-1
"el-Baig, Hamdoona","Tahlo, Emma",9,1,1,1,0,1,1,1,-1
"el-Baig, Hamdoona","York, Danni",8,1,1,-1,1,1,0,0,1
"el-Baig, Hamdoona","Goddard, Austin",3,0,0,0,-1,-1,0,0,1
"el-Baig, Hamdoona","Chuong, Athena",10,1,1,1,0,0,-1,1,1
"el-Baig, Hamdoona","Hunter, Warren",5,0,-1,-1,0,1,1,0,0
"el-Baig, Hamdoona","Bahns, Maria",5,0,-1,1,1,0,1,-1,-1
"el-Baig, Hamdoona","Alarid, Sage",8,1,-1,0,1,-1,-1,0,-1
"el-Baig, Hamdoona","al-Firman, Adnaan",10,1,1,0,-1,0,0,-1,1
"Bosch, Jasmine","Ahmed, Jamar",5,0,-1,-1,0,0,1,-1,-1
"Bosch, Jasmine","Narangerel, Taylor",6,0,0,0,0,0,0,1,0
"Bosch, Jasmine","Fields, Rashiah",4,-1,1,-1,1,0,-1,-1,0
"Bosch, Jasmine","Ruybalid, Shelbie",2,-1,1,0,1,1,1,0,0
"Bosch, Jasmine","Weasel Bear, Daniel",4,0,-1,0,1,-1,0,1,0
"Bosch, Jasmine","el-Huda, Jaarallah",7,1,1,0,1,0,-1,0,1
"Bosch, Jasmine","Gomez, Yesenia",4,1,1,-1,1,0,-1,1,-1
"Bosch, Jasmine","Huynh, Nicholas",5,1,1,1,-1,1,-1,1,1
"Bosch, Jasmine","Hornbuckle, Dabreona",5,-1,1,0,-1,1,1,0,1
"Bosch, Jasmine","Puebla, Martin",9,-1,1,1,0,-1,0,0,0
"Bosch, Jasmine","Chuong, Athena",7,1,1,1,0,0,0,1,1
"Bosch, Jasmine","Washington, Mariamawit",6,-1,1,0,0,1,-1,0,1
"Bosch, Jasmine","Duran, Jennifer",7,1,1,1,1,0,-1,0,1
"Bosch, Jasmine","Laner, Christopher",3,0,-1,1,0,0,0,1,0
"Buice, Joy","Cooper, Nader",5,0,-1,1,1,0,-1,0,-1
"Buice, Joy","Dotson, Demetrious",10,1,1,-1,0,1,0,1,0
"Buice, Joy","Lee, Benjamin",10,1,0,0,0,0,0,0,1
"Buice, Joy","Williams, Marcus",10,0,0,-1,1,-1,-1,1,1
"Buice, Joy","Miller, Ariel",8,0,1,0,1,1,1,1,1
"Buice, Joy","Camack, Paul",7,-1,0,1,-1,0,0,1,1
"Buice, Joy","Garcia-Kapaun, John",10,1,0,1,0,0,0,1,0
"Buice, Joy","Tafoya, Alejandra",10,0,1,0,0,1,0,1,0
"Buice, Joy","Sandoval, Dylan",6,0,1,-1,1,1,1,1,-1
"Buice, Joy","Castillo, Adriana",8,0,0,-1,-1,1,1,1,0
"Buice, Joy","al-Jama, Raaji",10,1,1,1,1,0,1,1,0
"Buice, Joy","Alarid, Sage",6,1,0,0,1,-1,-1,0,-1
"Buice, Joy","Alvarado, Madeline",9,0,1,1,0,-1,1,0,1
"Buice, Joy","Carr, Joseph",7,1,0,1,1,0,-1,1,0
"Finger, Jayson","Ream, Brian",9,0,1,0,1,1,1,0,0
"Finger, Jayson","al-Awan, Nawaal",6,1,-1,1,-1,-1,-1,0,-1
"Finger, Jayson","Parker, Donovon",8,-1,0,1,1,0,-1,0,0
"Finger, Jayson","Lee, Benjamin",10,-1,0,0,0,0,0,1,1
"Finger, Jayson","Ruybalid, Shelbie",4,-1,0,-1,1,1,1,-1,-1
"Finger, Jayson","Nayak, Emily",3,-1,0,0,-1,0,1,1,1
"Finger, Jayson","Babbs, Saba",3,1,1,-1,0,-1,-1,-1,0
"Finger, Jayson","Le, Deanna",6,1,-1,-1,0,-1,1,0,1
"Finger, Jayson","al-Ammar, Ramziyya",8,0,-1,0,1,1,1,1,-1
"Finger, Jayson","al-Khalil, Salmaan",7,-1,1,1,-1,0,1,-1,0
"Finger, Jayson","al-Azam, Raaida",5,-1,1,-1,1,-1,-1,1,-1
"Finger, Jayson","Kekahbah, Aaron",5,1,-1,0,1,-1,-1,1,1
"Finger, Jayson","al-Demian, Sameera",8,0,1,-1,1,1,0,-1,1
"Finger, Jayson","Carr, Joseph",6,1,0,1,1,1,-1,1,-1
"Gray, Jean","O'Hearne, Parker",6,1,1,1,-1,0,-1,-1,1
"Gray, Jean","Mayden, Edna",3,0,1,-1,0,0,-1,1,-1
"Gray, Jean","Berhane, Taylor",8,0,0,0,0,0,1,1,-1
"Gray, Jean","al-Bagheri, Shujaa",6,0,0,1,1,-1,1,-1,-1
"Gray, Jean","Babbs, Saba",4,1,0,-1,1,-1,-1,-1,-1
"Gray, Jean","Sinath, Julie",7,-1,0,0,-1,0,0,-1,-1
"Gray, Jean","el-Hamady, Shahaama",8,1,0,0,0,0,-1,1,1
"Gray, Jean","Mauga, Esther",8,0,1,-1,0,1,1,1,1
"Gray, Jean","Christopher, Inikpi",2,1,1,0,0,-1,-1,0,-1
"Gray, Jean","Roberts, Tyrone",9,1,-1,1,1,0,1,0,1
"Gray, Jean","Bird, Kaitlyn",10,0,1,0,1,1,0,0,1
"Gray, Jean","el-Wahba, Mubarak",7,1,0,1,0,1,1,0,1
"Gray, Jean","Delarosa, Urian",6,1,-1,1,1,1,0,1,1
"Gray, Jean","al-Morad, Badr",8,1,-1,1,0,1,-1,0,0
"Halaseh, Jared","Wade, Fred",8,0,0,-1,-1,0,1,0,0
"Halaseh, Jared","al-Masri, Saara",6,-1,1,0,-1,-1,-1,0,0
"Halaseh, Jared","al-Bagheri, Shujaa",7,1,0,1,1,0,-1,0,-1
"Halaseh, Jared","Flores Alvidrez, James",6,0,1,1,-1,-1,-1,-1,-1
"Halaseh, Jared","Goddard, Austin",2,1,1,-1,-1,-1,0,0,-1
"Halaseh, Jared","Martinez, Deirdra",9,0,1,1,1,1,0,-1,1
"Halaseh, Jared","el-Reza, Saamir",5,-1,1,1,1,0,1,0,0
"Halaseh, Jared","Tootle, Gavin",4,1,-1,-1,1,0,0,1,-1
"Halaseh, Jared","Madera, Aimee",9,1,0,1,-1,1,0,0,1
"Halaseh, Jared","Kersey, Naim",4,-1,1,1,0,0,-1,1,-1
"Halaseh, Jared","al-Madani, Ghaali",9,0,0,0,-1,-1,1,1,1
"Halaseh, Jared","Reed, Tanna",4,0,-1,-1,0,0,0,0,-1
"Halaseh, Jared","Castillo, Adriana",6,0,0,-1,0,1,1,1,0
"Halaseh, Jared","Wong, Rajeev",5,-1,0,0,0,-1,1,0,1
"Jackson, Janelle","Teuton, Laura",6,1,1,0,0,0,0,-1,1
"Jackson, Janelle","Estrada Ayala, Gregory",4,-1,-1,1,0,1,1,1,0
"Jackson, Janelle","Ortiz, Siara",4,0,1,0,-1,1,0,1,0
"Jackson, Janelle","al-Farha, Faseeha",9,1,0,1,0,1,-1,1,1
"Jackson, Janelle","Gardner, Martin",4,-1,-1,-1,1,1,1,0,1
"Jackson, Janelle","el-Pour, Fakeeha",6,1,1,0,-1,0,1,0,0
"Jackson, Janelle","Kersey, Naim",6,-1,1,0,-1,0,-1,-1,-1
"Jackson, Janelle","al-Aydin, Mu'hsina",9,1,1,0,-1,1,1,1,1
"Jackson, Janelle","Roberts, Tyrone",9,1,0,0,1,1,1,1,0
"Jackson, Janelle","Molina, Amanda",4,1,-1,0,0,0,0,-1,0
"Jackson, Janelle","Jones, Ha'Dori",4,-1,0,1,0,-1,0,0,1
"Jackson, Janelle","Williams, Elroy",6,-1,0,0,0,0,1,0,-1
"Jackson, Janelle","Bayles, Savannah",9,1,1,1,0,1,0,1,0
"Jackson, Janelle","Carr, Joseph",8,0,-1,1,1,1,-1,1,0
"Kitayama, Justin","Barnes, Naomi",9,-1,1,-1,1,0,0,0,1
"Kitayama, Justin","Ruybalid, Shelbie",3,-1,0,-1,1,1,1,0,0
"Kitayama, Justin","Brito, Janea",3,-1,-1,0,-1,0,-1,0,1
"Kitayama, Justin","al-Masri, Saara",6,0,0,0,-1,-1,-1,0,0
"Kitayama, Justin","Mendoza, Hannah",5,-1,0,0,1,1,0,0,0
"Kitayama, Justin","Radebaugh, Kayla",2,-1,-1,0,0,0,0,0,-1
"Kitayama, Justin","Maxie, Ezana",6,-1,1,0,0,0,0,1,-1
"Kitayama, Justin","Pino, Willow",6,0,0,0,-1,1,0,-1,1
"Kitayama, Justin","Aldrich, David",7,0,1,0,1,-1,-1,-1,1
"Kitayama, Justin","Alaniz, Jesus-Isai",9,1,0,-1,0,1,1,-1,1
"Kitayama, Justin","Molina, Amanda",5,1,-1,1,0,0,0,-1,-1
"Kitayama, Justin","el-Kazi, Aaqil",3,0,1,-1,-1,0,1,0,-1
"Kitayama, Justin","Khanal, Farhan",2,0,0,0,0,-1,1,0,-1
"Kitayama, Justin","Gonzales, Kalyn",2,-1,-1,0,-1,1,0,-1,0
"Lapaz, Jesse","Solorzano, Robert",8,-1,1,1,-1,1,1,0,0
"Lapaz, Jesse","Cox-Robinson, Kiyontus",6,0,1,1,0,-1,0,1,-1
"Lapaz, Jesse","Romero, Lisbet",9,1,1,0,-1,0,-1,1,0
"Lapaz, Jesse","Hilton, Jordon",4,-1,1,0,0,0,-1,1,-1
"Lapaz, Jesse","Gardner, Martin",4,-1,-1,0,1,1,0,1,0
"Lapaz, Jesse","Flores Alvidrez, James",6,-1,0,1,-1,-1,-1,0,-1
"Lapaz, Jesse","Puebla, Martin",8,0,1,1,0,0,-1,0,-1
"Lapaz, Jesse","el-Abdelrahman, Shukri",3,1,0,-1,-1,-1,1,1,1
"Lapaz, Jesse","Weiss, Zachary",5,0,1,-1,1,0,1,0,0
"Lapaz, Jesse","Kang, Kento",4,-1,1,-1,0,0,1,-1,1
"Lapaz, Jesse","Lefholz, Rashaan",8,1,-1,0,-1,1,-1,0,-1
"Lapaz, Jesse","al-Morad, Badr",5,1,-1,1,-1,1,-1,0,0
"Lapaz, Jesse","Bernal, William",8,1,0,-1,1,-1,0,0,0
"Lapaz, Jesse","Flores, Jose",2,-1,-1,0,0,1,1,0,-1
"Russell, Jasmine","Cooper, Nader",5,1,-1,1,1,0,0,0,-1
"Russell, Jasmine","el-Nouri, Wajdiyya",6,0,1,1,1,1,-1,1,1
"Russell, Jasmine","Lial, Tasina",8,1,1,1,1,1,1,1,-1
"Russell, Jasmine","Sarabia Rios, Ricardo",6,-1,1,0,0,1,1,0,1
"Russell, Jasmine","Watkins, Eli",5,0,0,-1,-1,1,0,0,1
"Russell, Jasmine","Umemura, Chaelene",7,1,1,1,1,1,1,-1,1
"Russell, Jasmine","Mrotek, August",9,1,0,1,1,0,1,1,1
"Russell, Jasmine","Baeza, Raquelin",3,0,-1,0,-1,0,-1,0,0
"Russell, Jasmine","Cheung, Tylee",6,1,1,0,-1,1,0,-1,1
"Russell, Jasmine","Salaz, Shiann",6,1,0,0,1,1,1,1,1
"Russell, Jasmine","Gibbons, Geneva",5,0,0,0,1,0,1,1,1
"Russell, Jasmine","Kabotie, Desiree",3,-1,1,-1,1,1,0,1,0
"Russell, Jasmine","Lukens, Justin",7,1,0,1,-1,1,0,0,1
"Russell, Jasmine","Flores, Jose",3,0,-1,0,0,1,1,0,0
"Shaw, Jordan","Lee, Charles",6,0,0,1,0,0,1,1,0
"Shaw, Jordan","Manley, Kristopher",6,0,1,0,0,0,0,-1,1
"Shaw, Jordan","Deherrera, Nicole",6,-1,0,-1,-1,-1,1,0,0
"Shaw, Jordan","Hornbuckle, Dabreona",4,-1,1,-1,-1,1,1,0,0
"Shaw, Jordan","Tahlo, Emma",9,1,1,1,1,1,1,1,1
"Shaw, Jordan","Lovett, Kaela",6,0,0,0,0,0,0,-1,0
"Shaw, Jordan","al-Adel, Raheema",5,-1,-1,-1,-1,0,0,0,1
"Shaw, Jordan","Hart, Jaslyn",4,0,-1,1,0,0,1,0,-1
"Shaw, Jordan","Amerson, Scheridan",9,0,1,1,0,1,1,0,0
"Shaw, Jordan","Maxie, Ezana",7,-1,1,0,0,-1,0,-1,0
"Shaw, Jordan","Martinez, Deirdra",8,1,1,1,1,1,0,-1,0
"Shaw, Jordan","el-Aydin, Labeeb",9,-1,1,1,0,1,1,1,1
"Shaw, Jordan","al-Dallal, Wajeeh",7,1,0,0,0,0,1,1,0
"Shaw, Jordan","Ortiz Martinez, Kiana",6,1,0,0,0,-1,0,1,-1
"Campuzano, Kierra","Banuelos-Rivas, Denisse",9,1,0,-1,0,1,1,0,0
"Campuzano, Kierra","Burgdorff, Alejandro",8,1,0,1,0,1,-1,1,1
"Campuzano, Kierra","Rundle, Jeremy",8,1,0,0,0,-1,1,1,-1
"Campuzano, Kierra","al-Adel, Raheema",7,0,0,0,-1,1,1,0,1
"Campuzano, Kierra","Siewiyumptewa, Ruby",8,-1,0,-1,1,1,-1,-1,-1
"Campuzano, Kierra","Price, Takesha",7,0,0,0,1,0,1,-1,1
"Campuzano, Kierra","el-Reza, Saamir",6,-1,0,1,1,0,1,0,-1
"Campuzano, Kierra","Phan, Patrick",6,1,1,1,1,1,-1,0,0
"Campuzano, Kierra","el-Hashem, Shaamil",8,0,0,0,0,-1,0,-1,1
"Campuzano, Kierra","Delgado, Zachary",8,0,1,1,0,0,0,1,-1
"Campuzano, Kierra","Tutt, Briana",10,-1,-1,1,1,1,0,-1,0
"Campuzano, Kierra","Castillo, Adriana",6,1,-1,-1,0,1,1,1,1
"Campuzano, Kierra","Franklin, Andrew",5,1,1,0,-1,-1,0,1,-1
"Campuzano, Kierra","al-Morad, Badr",7,1,0,1,0,1,-1,0,0
"Chasteen, Kyli","el-Rasheed, Afeef",1,-1,-1,0,1,1,-1,1,-1
"Chasteen, Kyli","Polashock, Shawn",9,-1,1,0,1,1,0,1,0
"Chasteen, Kyli","al-Javid, Faatin",1,0,1,0,-1,-1,-1,-1,0
"Chasteen, Kyli","Fields, Rashiah",5,-1,1,-1,1,-1,-1,0,0
"Chasteen, Kyli","Parker, Donovon",8,1,1,1,1,1,0,0,1
"Chasteen, Kyli","Rodriguez, Ryan",9,1,1,1,-1,1,1,0,1
"Chasteen, Kyli","al-Wakim, Wajeeha",9,0,-1,1,0,-1,0,0,1
"Chasteen, Kyli","Reed, Tanna",4,0,-1,-1,0,0,0,0,-1
"Chasteen, Kyli","Baca, James",5,1,1,-1,1,1,1,0,1
"Chasteen, Kyli","Washington, Mariamawit",8,-1,0,0,1,1,-1,0,-1
"Chasteen, Kyli","Baeza, Raquelin",4,0,-1,0,0,0,0,1,0
"Chasteen, Kyli","Pinon, Anthony",6,1,-1,1,1,-1,1,1,-1
"Chasteen, Kyli","Matthews, Alicia",5,0,0,0,0,0,-1,1,0
"Chasteen, Kyli","al-Bilal, Khawla",4,-1,-1,1,1,-1,-1,1,0
"Mcfalls, Kizmaya","Pallister, Gabriel",6,1,0,0,1,1,1,1,1
"Mcfalls, Kizmaya","Boxley, Jermaine",7,0,-1,1,1,1,0,1,-1
"Mcfalls, Kizmaya","Lozano-Garcia, Jordan",6,0,1,1,1,1,1,0,0
"Mcfalls, Kizmaya","Hilton, Jordon",2,-1,1,1,0,-1,-1,0,-1
"Mcfalls, Kizmaya","Siewiyumptewa, Ruby",7,-1,0,-1,1,1,-1,-1,-1
"Mcfalls, Kizmaya","Macias, Leslie",10,0,1,1,1,0,1,0,1
"Mcfalls, Kizmaya","Chu, Sanate",9,0,0,1,1,0,1,1,1
"Mcfalls, Kizmaya","Frazier, Imani",7,0,0,0,1,1,0,1,-1
"Mcfalls, Kizmaya","Henry, Daniel",4,0,-1,1,0,0,0,0,-1
"Mcfalls, Kizmaya","Wagner, Keenan",7,1,1,-1,0,1,1,0,0
"Mcfalls, Kizmaya","Sandoval, Dylan",5,1,1,-1,0,1,1,0,0
"Mcfalls, Kizmaya","Delarosa, Urian",8,1,-1,0,1,1,0,1,0
"Mcfalls, Kizmaya","Matthews, Alicia",3,0,1,-1,1,1,-1,1,-1
"Mcfalls, Kizmaya","al-Fahmy, Abdur Rasheed",5,1,-1,-1,0,1,0,0,1
"Nagashima, Kari","Dintaman, Ryan",9,1,0,0,0,1,0,0,1
"Nagashima, Kari","al-Javid, Faatin",4,-1,1,0,-1,-1,0,-1,-1
"Nagashima, Kari","Cox-Robinson, Kiyontus",5,1,1,1,0,0,0,1,-1
"Nagashima, Kari","al-Farha, Faseeha",9,0,-1,1,0,1,0,1,1
"Nagashima, Kari","Flores Alvidrez, James",5,0,1,1,0,-1,0,0,-1
"Nagashima, Kari","Smith, Monteay",6,1,1,-1,-1,1,0,-1,1
"Nagashima, Kari","Cowart, Ca'La",6,0,0,-1,0,-1,-1,0,0
"Nagashima, Kari","Williams, Marcus",8,1,0,0,1,-1,-1,0,1
"Nagashima, Kari","el-Pour, Fakeeha",8,1,1,0,-1,-1,-1,1,-1
"Nagashima, Kari","Tootle, Gavin",7,1,-1,-1,0,0,-1,0,0
"Nagashima, Kari","Horton, Kalen",6,1,0,1,1,1,1,0,0
"Nagashima, Kari","Matthews, Alicia",6,-1,0,-1,0,0,-1,1,0
"Nagashima, Kari","Whyte, Tashina",7,1,1,-1,1,0,1,1,-1
"Nagashima, Kari","Luong, Geniveve",5,-1,1,-1,0,-1,-1,1,1
"Sullivan, Kate","Ahmed, Jamar",3,1,-1,0,-1,0,-1,-1,-1
"Sullivan, Kate","Duong, Henry",7,0,0,-1,0,1,1,1,1
"Sullivan, Kate","Gutierrez, Lynette",5,1,1,-1,1,-1,1,-1,0
"Sullivan, Kate","Mendoza, Hannah",4,-1,0,-1,1,1,0,0,1
"Sullivan, Kate","Johnson, Levi",4,1,1,0,-1,-1,0,-1,0
"Sullivan, Kate","Tahlo, Emma",8,1,1,1,1,1,1,0,0
"Sullivan, Kate","Hoffmann, Aivan Thomas",10,0,0,1,1,1,1,1,0
"Sullivan, Kate","el-Othman, Shameem",6,-1,-1,0,1,0,-1,0,1
"Sullivan, Kate","Camack, Paul",5,0,1,0,0,-1,-1,0,1
"Sullivan, Kate","al-Wakim, Wajeeha",7,0,-1,1,0,-1,1,0,1
"Sullivan, Kate","Weiss, Zachary",4,0,-1,0,1,0,0,0,1
"Sullivan, Kate","el-Nazar, Hazeela",0,0,-1,0,-1,0,-1,-1,-1
"Sullivan, Kate","Walker, Dejouray",6,-1,1,-1,1,1,1,1,-1
"Sullivan, Kate","Luong, Geniveve",5,-1,1,-1,1,-1,-1,1,1
"Arritola, Leydi","Romero, Summer",8,1,0,1,-1,1,0,1,1
"Arritola, Leydi","Banuelos-Rivas, Denisse",10,0,1,-1,0,1,0,-1,1
"Arritola, Leydi","Silos, Mareena",7,0,1,0,0,0,1,0,0
"Arritola, Leydi","Garcia, Justin",6,-1,1,1,-1,0,1,-1,0
"Arritola, Leydi","Nyre, Tavien",7,0,1,1,1,0,0,-1,1
"Arritola, Leydi","Gonzales, Katie",8,-1,1,-1,-1,0,-1,1,-1
"Arritola, Leydi","al-Gad, Taamira",6,-1,1,0,0,1,0,-1,1
"Arritola, Leydi","al-Mourad, Shafaaa",3,1,-1,-1,1,-1,0,0,0
"Arritola, Leydi","Salaz, Shiann",10,0,1,1,1,1,1,1,0
"Arritola, Leydi","Vigil, Ernesto",8,0,0,1,-1,-1,0,1,-1
"Arritola, Leydi","Wong, Rajeev",6,-1,0,0,0,-1,1,0,1
"Arritola, Leydi","al-Firman, Adnaan",10,1,0,1,0,1,0,1,1
"Arritola, Leydi","Bernal, William",10,1,0,-1,0,1,0,0,0
"Arritola, Leydi","al-Fahmy, Abdur Rasheed",6,1,-1,0,0,1,1,0,1
"Carlson, Lukas","Turner, Christian",6,0,-1,-1,0,0,-1,1,1
"Carlson, Lukas","Samaniego, Jesus",0,-1,-1,-1,1,-1,-1,1,1
"Carlson, Lukas","Lai Zhou, Ka",8,0,0,1,1,1,-1,1,-1
"Carlson, Lukas","el-Chahine, Shakeela",6,1,1,-1,0,1,0,1,1
"Carlson, Lukas","Tran, Annemarie",6,1,-1,0,0,1,1,-1,-1
"Carlson, Lukas","Silos, Mareena",5,0,1,0,0,0,1,1,1
"Carlson, Lukas","Mcquown, Malia",3,1,1,-1,-1,-1,-1,1,-1
"Carlson, Lukas","Siewiyumptewa, Ruby",5,-1,0,-1,1,0,-1,-1,-1
"Carlson, Lukas","Camack, Paul",4,0,0,1,-1,-1,0,0,1
"Carlson, Lukas","Martinez, Deirdra",9,1,1,1,1,1,0,-1,0
"Carlson, Lukas","Phan, Patrick",6,1,1,1,0,1,-1,0,0
"Carlson, Lukas","Lopez, Herson",2,0,1,0,0,-1,1,1,-1
"Carlson, Lukas","Caddy, Shannon",5,0,0,0,-1,-1,-1,0,1
"Carlson, Lukas","al-Dallal, Wajeeh",7,1,1,0,1,0,0,1,1
"Fitzsimons, Layth","Smith, Erin",8,0,1,0,0,0,1,1,0
"Fitzsimons, Layth","Samaniego, Jesus",4,-1,0,-1,0,0,-1,0,0
"Fitzsimons, Layth","Mishenko, Arturo",8,0,1,1,1,1,0,0,1
"Fitzsimons, Layth","al-Masri, Saara",7,0,1,-1,-1,-1,-1,0,0
"Fitzsimons, Layth","Mendoza, Hannah",10,-1,1,0,1,1,1,0,0
"Fitzsimons, Layth","Watkins, Eli",6,1,0,-1,0,1,0,0,1
"Fitzsimons, Layth","Flores Alvidrez, James",6,-1,0,1,-1,-1,-1,0,-1
"Fitzsimons, Layth","Mauga, Esther",6,1,1,-1,1,1,1,1,1
"Fitzsimons, Layth","Edwards, Colette",10,1,1,0,1,0,1,0,-1
"Fitzsimons, Layth","Kabotie, Desiree",5,-1,0,-1,1,0,-1,1,0
"Fitzsimons, Layth","Duran, Jennifer",10,0,0,1,1,1,0,-1,0
"Fitzsimons, Layth","Lukens, Justin",10,1,-1,1,1,1,1,1,1
"Fitzsimons, Layth","al-Bilal, Khawla",8,-1,-1,1,1,-1,0,0,0
"Fitzsimons, Layth","Williams, Elroy",7,-1,-1,0,-1,-1,1,-1,-1
"Navarro, Luis","Lobato, Lolita",2,0,0,0,-1,0,0,-1,-1
"Navarro, Luis","Lee, Charles",4,-1,0,1,-1,0,1,1,0
"Navarro, Luis","Romero, Lisbet",6,1,1,0,0,0,0,1,1
"Navarro, Luis","Parker, Donovon",5,0,1,1,1,0,-1,0,1
"Navarro, Luis","Boyer, Filitaa",5,0,-1,-1,-1,0,1,-1,0
"Navarro, Luis","Amerson, Scheridan",4,1,0,1,0,0,0,0,0
"Navarro, Luis","Lopez-Ortiz, Christopher",3,0,0,0,0,0,0,1,0
"Navarro, Luis","Phan, Patrick",5,1,1,0,1,1,-1,0,0
"Navarro, Luis","el-Hashem, Shaamil",6,0,-1,0,1,0,0,-1,1
"Navarro, Luis","al-Aydin, Mu'hsina",7,1,1,0,-1,1,1,1,1
"Navarro, Luis","Christopher, Inikpi",0,1,1,0,0,-1,-1,0,-1
"Navarro, Luis","Yanez, Edgar",5,0,0,1,-1,1,1,-1,0
"Navarro, Luis","Wise, Bailey",6,1,1,0,-1,0,1,1,0
"Navarro, Luis","Laner, Christopher",3,1,-1,1,-1,0,0,1,0
"Ali, Matthew","Hamdan, David",8,0,1,1,1,1,0,1,1
"Ali, Matthew","Edler, Patrick",6,1,0,0,-1,0,0,0,0
"Ali, Matthew","el-Noorani, Huraira",5,0,0,0,1,0,-1,-1,1
"Ali, Matthew","Gomez, Yesenia",5,1,0,-1,1,0,0,1,-1
"Ali, Matthew","al-Bagheri, Shujaa",8,0,-1,1,1,-1,1,0,-1
"Ali, Matthew","Huynh, Nicholas",7,1,0,1,0,1,-1,1,1
"Ali, Matthew","Hornbuckle, Dabreona",8,-1,1,0,-1,0,1,0,1
"Ali, Matthew","Garcia, Justin",8,-1,1,1,-1,0,1,-1,0
"Ali, Matthew","Shangreaux, Monique",9,1,1,-1,1,1,1,0,0
"Ali, Matthew","Mrotek, August",10,1,1,1,0,0,1,1,1
"Ali, Matthew","Alaniz, Jesus-Isai",10,1,0,-1,0,1,1,0,1
"Ali, Matthew","Sandoval, Dylan",8,0,1,-1,0,1,1,0,0
"Ali, Matthew","Walker, Dejouray",9,0,1,0,1,1,1,1,-1
"Ali, Matthew","Laner, Christopher",9,0,0,1,0,0,0,1,0
"Archuleta, Miranda","Barnes, Naomi",7,0,1,-1,1,-1,1,0,1
"Archuleta, Miranda","Arato, Sarah",4,0,0,-1,0,0,1,-1,1
"Archuleta, Miranda","Lozano-Garcia, Jordan",7,0,1,1,1,0,1,-1,-1
"Archuleta, Miranda","Mayden, Edna",4,-1,1,-1,-1,0,0,1,-1
"Archuleta, Miranda","al-Waheed, Himma",2,1,1,-1,0,0,1,1,0
"Archuleta, Miranda","Chu, Sanate",7,0,0,1,1,1,1,1,1
"Archuleta, Miranda","Gonzales, Katie",5,0,1,-1,0,1,-1,1,0
"Archuleta, Miranda","Sands, Austin",1,0,1,1,0,1,-1,0,-1
"Archuleta, Miranda","Khanal, Farhan",3,1,0,0,0,-1,0,0,-1
"Archuleta, Miranda","Miller, Peter",6,0,0,0,1,1,0,0,0
"Archuleta, Miranda","Medina, Betty",8,1,0,0,1,1,0,1,1
"Archuleta, Miranda","Gallegos, Lakeysha",8,0,0,-1,1,0,0,0,0
"Archuleta, Miranda","al-Firman, Adnaan",9,1,-1,0,0,1,0,0,1
"Archuleta, Miranda","Alvarado, Madeline",8,1,0,1,0,0,1,0,1
"Butler, Malik","Polashock, Shawn",10,0,1,1,1,1,1,1,1
"Butler, Malik","Zhen, Tony",9,0,0,0,1,0,0,1,-1
"Butler, Malik","Mayden, Edna",3,-1,1,0,0,0,0,0,-1
"Butler, Malik","Ruybalid, Shelbie",4,-1,-1,0,1,0,1,0,0
"Butler, Malik","Pavlovsky, Tavaughn",7,-1,0,1,1,-1,0,0,0
"Butler, Malik","Weasel Bear, Daniel",5,0,1,1,1,1,0,1,0
"Butler, Malik","Mcquown, Malia",4,0,1,-1,-1,0,0,1,-1
"Butler, Malik","Gomez, Yesenia",4,1,1,-1,1,1,0,0,-1
"Butler, Malik","Price, Takesha",5,1,-1,-1,1,0,1,0,1
"Butler, Malik","el-Abdelrahman, Shukri",7,-1,-1,0,-1,-1,1,1,1
"Butler, Malik","Lynch, Ronald",8,1,0,-1,-1,1,1,1,0
"Butler, Malik","Horton, Kalen",7,1,1,0,1,1,1,0,0
"Butler, Malik","Loghry, Selina",8,-1,0,1,0,1,-1,1,0
"Butler, Malik","Whyte, Tashina",8,0,0,-1,1,0,1,1,-1
"Caldwell, Marisa","Turner, Christian",10,0,-1,0,0,1,-1,1,1
"Caldwell, Marisa","O'Hearne, Parker",6,1,1,1,-1,0,-1,0,1
"Caldwell, Marisa","Sarwana, Melina",4,-1,-1,0,0,0,1,-1,0
"Caldwell, Marisa","Kills In Sight, Jacob",5,1,-1,1,-1,-1,0,-1,-1
"Caldwell, Marisa","el-Majid, Muneeb",10,0,-1,0,1,0,1,1,1
"Caldwell, Marisa","Shangreaux, Monique",9,0,1,0,1,1,1,-1,0
"Caldwell, Marisa","Galera, Lee",10,-1,1,1,0,-1,-1,0,1
"Caldwell, Marisa","el-Othman, Shameem",7,-1,-1,-1,1,0,-1,0,1
"Caldwell, Marisa","el-Pour, Fakeeha",7,1,1,0,-1,0,1,1,0
"Caldwell, Marisa","Christopher, Inikpi",4,1,1,0,-1,-1,-1,-1,0
"Caldwell, Marisa","Frazier, Imani",8,-1,0,0,1,1,-1,0,0
"Caldwell, Marisa","al-Madani, Ghaali",6,0,0,0,-1,-1,0,1,1
"Caldwell, Marisa","Pacheco, Jazmyen",7,0,-1,0,0,0,-1,-1,-1
"Caldwell, Marisa","Cheung, Tylee",8,1,1,-1,-1,1,0,0,1
"Eilers, Michael","el-Jamal, Muaaid",10,1,0,1,1,0,0,1,0
"Eilers, Michael","el-Noorani, Huraira",4,-1,-1,0,0,1,-1,-1,1
"Eilers, Michael","al-Baten, Raita",2,1,-1,0,-1,0,1,0,-1
"Eilers, Michael","Blackwater, Cinead",8,1,1,-1,1,1,1,0,0
"Eilers, Michael","Lathan, Rhemi",4,-1,0,-1,1,0,1,0,0
"Eilers, Michael","Le, Deanna",6,1,-1,-1,1,-1,0,0,0
"Eilers, Michael","al-Aydin, Mu'hsina",10,1,0,0,0,1,1,1,1
"Eilers, Michael","Baca, James",10,1,1,-1,1,0,1,0,1
"Eilers, Michael","Hicks, Ayana",6,1,-1,0,0,1,0,0,-1
"Eilers, Michael","Edwards, Colette",8,1,1,0,1,1,1,0,-1
"Eilers, Michael","el-Wahba, Mubarak",7,0,0,1,0,0,1,0,0
"Eilers, Michael","al-Dallal, Wajeeh",6,0,0,1,-1,0,0,1,0
"Eilers, Michael","Kennah, Harley",7,-1,0,-1,1,1,0,-1,-1
"Eilers, Michael","Bernal, William",9,1,1,-1,1,1,0,0,0
"Herrera, Marina","Arato, Sarah",3,0,1,0,-1,0,1,-1,1
"Herrera, Marina","Zhen, Tony",6,-1,1,1,1,0,0,1,0
"Herrera, Marina","Watkins, Eli",5,1,0,-1,0,1,1,0,1
"Herrera, Marina","Hornbuckle, Dabreona",4,-1,1,0,-1,1,1,0,1
"Herrera, Marina","el-Majid, Muneeb",6,1,0,0,0,1,0,1,1
"Herrera, Marina","York, Danni",3,0,1,-1,0,1,0,-1,1
"Herrera, Marina","Cunningham, Ajunae",4,0,-1,1,1,1,1,1,1
"Herrera, Marina","Camack, Paul",4,0,-1,1,-1,-1,1,0,1
"Herrera, Marina","el-Kazemi, Arshad",7,0,0,0,1,0,1,0,-1
"Herrera, Marina","Carabajal III, Mason",4,1,0,-1,-1,0,1,1,-1
"Herrera, Marina","Miller, Peter",5,1,-1,0,1,1,1,0,-1
"Herrera, Marina","Diaz, Alisha",4,1,0,0,1,0,1,1,1
"Herrera, Marina","Bohannon-Pea, Yaphet",6,-1,0,1,1,0,1,1,-1
"Herrera, Marina","Williams, Elroy",2,-1,0,0,1,-1,1,0,-1
"Lor, Madeline","Dintaman, Ryan",9,1,0,0,1,1,0,1,0
"Lor, Madeline","Ream, Brian",8,0,1,0,1,1,1,0,0
"Lor, Madeline","Arato, Sarah",2,1,1,-1,0,0,1,-1,1
"Lor, Madeline","Rawlings, Jordan",7,-1,1,1,0,-1,-1,0,-1
"Lor, Madeline","Charley, Justin",3,1,1,0,0,0,0,-1,0
"Lor, Madeline","Ortega, Joshua",6,1,-1,0,1,0,1,0,0
"Lor, Madeline","Agard, Stephanie",6,1,1,0,1,1,0,-1,-1
"Lor, Madeline","Kills In Sight, Jacob",6,1,0,1,0,-1,0,-1,-1
"Lor, Madeline","Leyba, Serenity",5,-1,0,-1,1,-1,-1,0,0
"Lor, Madeline","Jones, Ha'Dori",4,-1,0,1,0,0,-1,-1,0
"Lor, Madeline","el-Salem, Insaaf",5,0,1,0,0,-1,1,0,1
"Lor, Madeline","Medina, Betty",7,1,0,0,0,1,0,1,1
"Lor, Madeline","Delarosa, Urian",6,0,-1,-1,0,1,0,1,1
"Lor, Madeline","Bernal, William",9,1,0,-1,1,0,0,0,0
"Morales, Marisol","Montgomery, Adriena",1,-1,-1,-1,0,-1,-1,-1,0
"Morales, Marisol","el-Nawaz, Ghaaliba",5,1,1,0,-1,-1,0,1,-1
"Morales, Marisol","Fields, Rashiah",3,0,1,-1,1,0,-1,-1,0
"Morales, Marisol","Manley, Kristopher",5,0,1,0,0,0,1,-1,1
"Morales, Marisol","Dillard, Sierra",10,0,1,0,0,1,1,1,0
"Morales, Marisol","Burgdorff, Alejandro",7,0,-1,1,1,0,-1,0,1
"Morales, Marisol","Cowart, Ca'La",5,-1,0,0,1,-1,0,0,0
"Morales, Marisol","Garcia-Kapaun, John",6,1,0,1,0,1,-1,1,-1
"Morales, Marisol","Hunter, Warren",4,1,-1,-1,1,0,0,0,0
"Morales, Marisol","Vandersluis, Amber",8,1,-1,1,-1,1,-1,0,1
"Morales, Marisol","Mauga, Esther",5,1,1,-1,0,1,1,1,1
"Morales, Marisol","Lopez, Herson",4,1,1,1,1,-1,1,0,-1
"Morales, Marisol","Mrotek, August",9,0,1,1,0,1,1,1,1
"Morales, Marisol","Medina, Betty",7,1,0,0,1,1,0,1,1
"Mukes, Mohamed","Wade, Fred",7,1,1,-1,0,0,1,1,0
"Mukes, Mohamed","Gutierrez, Lynette",6,0,0,-1,1,0,1,0,0
"Mukes, Mohamed","Leyba, Serenity",7,-1,0,-1,0,-1,-1,1,0
"Mukes, Mohamed","Umemura, Chaelene",8,1,1,1,1,1,1,-1,0
"Mukes, Mohamed","Goddard, Austin",5,1,1,-1,-1,-1,0,0,1
"Mukes, Mohamed","Price, Takesha",7,1,0,0,1,0,-1,0,1
"Mukes, Mohamed","Baca, James",7,1,1,-1,0,1,1,0,1
"Mukes, Mohamed","Bradford, Timothy",10,1,0,-1,1,0,1,-1,-1
"Mukes, Mohamed","Gibbons, Geneva",7,0,-1,0,0,0,0,1,1
"Mukes, Mohamed","Lefholz, Rashaan",9,1,-1,1,0,0,0,0,-1
"Mukes, Mohamed","Kassmeier, Lauryn",8,0,1,0,0,1,1,0,-1
"Mukes, Mohamed","Alarid, Sage",8,1,-1,0,1,-1,-1,0,0
"Mukes, Mohamed","Loghry, Selina",10,-1,1,1,0,1,-1,1,0
"Mukes, Mohamed","al-Demian, Sameera",9,-1,1,-1,1,1,0,-1,1
"al-Maroun, Najma","Pallister, Gabriel",5,1,0,-1,1,1,1,0,1
"al-Maroun, Najma","Narangerel, Taylor",8,0,1,1,0,0,1,1,0
"al-Maroun, Najma","al-Sader, Zubair",1,-1,-1,-1,0,-1,-1,-1,0
"al-Maroun, Najma","Richardson, Jenelle",4,-1,-1,1,-1,1,0,0,0
"al-Maroun, Najma","Elliott, Isaac",6,1,0,0,-1,0,0,1,-1
"al-Maroun, Najma","Watkins, Eli",5,1,0,-1,-1,1,0,0,1
"al-Maroun, Najma","Flores Alvidrez, James",4,1,1,1,0,-1,-1,0,-1
"al-Maroun, Najma","Cowart, Ca'La",3,1,0,0,0,-1,-1,1,0
"al-Maroun, Najma","Bahns, Maria",3,0,-1,1,1,0,1,-1,-1
"al-Maroun, Najma","Molina, Amanda",5,1,-1,0,0,0,0,-1,0
"al-Maroun, Najma","Bradford, Timothy",7,1,1,-1,1,0,0,0,-1
"al-Maroun, Najma","Edwards, Colette",9,1,1,0,0,1,0,0,-1
"al-Maroun, Najma","Worthington, Sabbrina",7,0,1,0,1,0,1,0,1
"al-Maroun, Najma","Lares, Estrella",4,-1,0,0,-1,-1,-1,0,-1
"Chavez, Naomi","Samaniego, Jesus",1,-1,1,0,0,0,-1,1,0
"Chavez, Naomi","Zheng, Haley",8,-1,0,1,1,1,1,-1,1
"Chavez, Naomi","Beck, Katryna",6,-1,-1,0,-1,1,-1,0,1
"Chavez, Naomi","Bravo, Tyler",6,1,1,0,-1,0,0,1,-1
"Chavez, Naomi","Huynh, Nicholas",5,1,0,1,-1,1,-1,1,1
"Chavez, Naomi","Amerson, Scheridan",8,1,1,0,1,1,-1,0,0
"Chavez, Naomi","Mcconico, Cl",7,1,0,-1,0,1,0,1,0
"Chavez, Naomi","Tootle, Gavin",7,1,-1,-1,0,-1,0,1,-1
"Chavez, Naomi","Carabajal III, Mason",4,0,1,-1,-1,1,1,0,-1
"Chavez, Naomi","Moua, Sarah",10,1,1,0,1,1,1,1,0
"Chavez, Naomi","Duran, Jennifer",10,0,1,0,1,1,0,0,1
"Chavez, Naomi","Bartell, Nikoma",10,0,-1,1,1,0,1,1,1
"Chavez, Naomi","Medina, Betty",10,1,0,0,1,1,0,1,1
"Chavez, Naomi","Franklin, Andrew",4,1,0,0,-1,-1,0,1,-1
"Lastrella, Ninna","Samaniego, Jesus",3,-1,1,-1,1,0,-1,1,0
"Lastrella, Ninna","Deherrera, Nicole",5,-1,-1,0,-1,-1,1,0,-1
"Lastrella, Ninna","Parker, Donovon",10,0,1,1,1,0,0,0,1
"Lastrella, Ninna","Agard, Stephanie",8,1,1,0,1,1,0,-1,0
"Lastrella, Ninna","Boigenzahn, Lauren",7,1,0,-1,-1,0,1,0,0
"Lastrella, Ninna","Marrs, Caigen",3,0,1,1,-1,0,0,0,1
"Lastrella, Ninna","Hart, Jaslyn",6,0,-1,1,0,0,1,0,-1
"Lastrella, Ninna","Madera, Aimee",10,1,1,1,-1,1,1,0,0
"Lastrella, Ninna","el-Ghani, Saadiq",6,0,-1,0,0,-1,1,0,0
"Lastrella, Ninna","Bennett, Benjamin",8,-1,0,0,1,0,0,0,1
"Lastrella, Ninna","Leung, Taylor",8,1,0,-1,0,1,1,1,-1
"Lastrella, Ninna","Gibbons, Geneva",8,0,0,0,1,-1,1,0,0
"Lastrella, Ninna","Alvarado, Madeline",8,1,1,1,1,1,1,0,0
"Lastrella, Ninna","Luong, Geniveve",6,-1,1,-1,0,-1,-1,1,1
"Smith, Nathan","Hamdan, David",7,0,0,1,1,1,1,1,0
"Smith, Nathan","Duong, Henry",10,0,-1,0,1,1,1,1,1
"Smith, Nathan","al-Sader, Zubair",2,-1,-1,0,0,0,-1,-1,-1
"Smith, Nathan","Mcquown, Malia",4,0,1,0,-1,1,-1,1,-1
"Smith, Nathan","Hernandez, Ashley",8,0,1,1,0,0,0,0,1
"Smith, Nathan","Lopez, Herson",4,0,1,1,0,-1,0,1,-1
"Smith, Nathan","Delgado, Zachary",9,1,1,1,-1,-1,1,1,0
"Smith, Nathan","Carabajal III, Mason",5,0,0,-1,-1,1,1,-1,-1
"Smith, Nathan","al-Mourad, Shafaaa",3,0,-1,0,0,-1,0,0,0
"Smith, Nathan","Hicks, Ayana",7,1,-1,0,0,1,0,1,1
"Smith, Nathan","Moimoi, Leah Frances",10,1,1,1,-1,-1,-1,0,0
"Smith, Nathan","Pinon, Anthony",7,1,-1,0,1,0,1,0,-1
"Smith, Nathan","al-Amer, Hiwaaya",6,0,0,0,1,0,-1,1,-1
"Smith, Nathan","Matthews, Alicia",6,-1,0,-1,0,0,-1,0,0
"Cochran, Patric","Lobato, Lolita",5,0,0,0,-1,0,0,-1,-1
"Cochran, Patric","Ream, Brian",8,-1,1,-1,1,1,1,0,0
"Cochran, Patric","Pavlovsky, Tavaughn",8,-1,0,1,1,0,0,1,-1
"Cochran, Patric","Lial, Tasina",8,1,1,1,0,0,-1,0,-1
"Cochran, Patric","Huynh, Nicholas",6,0,0,0,-1,1,-1,1,1
"Cochran, Patric","Le, Deanna",7,1,0,0,1,-1,1,0,0
"Cochran, Patric","Johnson, Corey",6,-1,1,1,0,1,-1,0,0
"Cochran, Patric","el-Hamady, Shahaama",8,0,0,1,0,1,-1,1,1
"Cochran, Patric","Reed, Tanna",6,0,0,-1,-1,0,0,1,-1
"Cochran, Patric","Wagner, Keenan",8,1,0,0,0,1,1,0,0
"Cochran, Patric","Gustafson, Joseph",8,0,-1,1,1,0,-1,1,1
"Cochran, Patric","el-Nazar, Hazeela",1,0,-1,-1,0,-1,-1,-1,0
"Cochran, Patric","Malott, Hannah",7,0,0,0,-1,0,-1,0,1
"Cochran, Patric","Bayles, Savannah",10,0,1,0,0,1,0,1,1
"Hritsick, Pang Nouchi","Romero, Lisbet",9,1,1,0,0,0,0,1,1
"Hritsick, Pang Nouchi","Leanos, Jalessa",6,1,1,1,-1,1,0,1,-1
"Hritsick, Pang Nouchi","Ortega, Joshua",7,1,0,1,1,0,1,1,1
"Hritsick, Pang Nouchi","Morris, Atif",4,0,-1,1,1,-1,-1,0,1
"Hritsick, Pang Nouchi","Dominguez, Diana",6,0,0,-1,0,-1,-1,0,0
"Hritsick, Pang Nouchi","Foster, Nichelle",5,1,1,-1,0,1,0,0,1
"Hritsick, Pang Nouchi","Garcia, Waynoka",8,-1,1,-1,-1,-1,0,-1,1
"Hritsick, Pang Nouchi","Mahan, James",4,-1,-1,-1,1,0,1,-1,0
"Hritsick, Pang Nouchi","el-Pour, Fakeeha",6,1,1,0,-1,1,0,1,-1
"Hritsick, Pang Nouchi","al-Khalil, Salmaan",6,-1,0,0,-1,0,0,0,0
"Hritsick, Pang Nouchi","Paudel, Alexis",10,1,1,1,0,1,0,0,1
"Hritsick, Pang Nouchi","Caddy, Shannon",6,1,0,0,-1,-1,-1,0,1
"Hritsick, Pang Nouchi","el-Salem, Insaaf",6,-1,1,1,0,-1,1,0,0
"Hritsick, Pang Nouchi","al-Beshara, Hakeema",6,1,1,-1,1,1,0,1,1
"Vidales-Gallegos, Paris","Dillard, Sierra",8,1,1,1,1,1,1,-1,-1
"Vidales-Gallegos, Paris","Brito, Janea",6,-1,0,0,-1,-1,0,0,1
"Vidales-Gallegos, Paris","Legg, Dakota",8,-1,0,0,1,-1,-1,1,0
"Vidales-Gallegos, Paris","Hoffmann, Aivan Thomas",8,0,1,1,1,1,1,1,0
"Vidales-Gallegos, Paris","York, Danni",4,1,1,-1,1,1,0,0,1
"Vidales-Gallegos, Paris","Garcia, Waynoka",6,-1,1,-1,-1,-1,0,-1,1
"Vidales-Gallegos, Paris","Umemura, Chaelene",5,1,1,1,1,0,1,-1,1
"Vidales-Gallegos, Paris","Siewiyumptewa, Ruby",4,-1,-1,0,0,0,-1,-1,0
"Vidales-Gallegos, Paris","Nguyen, Min",3,-1,1,0,0,1,-1,0,0
"Vidales-Gallegos, Paris","el-Reza, Saamir",6,-1,0,1,1,1,1,0,-1
"Vidales-Gallegos, Paris","al-Aydin, Mu'hsina",10,1,1,0,0,1,1,1,1
"Vidales-Gallegos, Paris","Lefholz, Rashaan",7,1,0,1,-1,0,-1,1,0
"Vidales-Gallegos, Paris","Gallegos, Lakeysha",9,1,0,-1,0,1,0,0,0
"Vidales-Gallegos, Paris","Reyes, Lanisha",9,1,1,1,1,0,-1,1,1
"Cheatham, Reneka","O'Hearne, Parker",6,1,1,0,-1,0,-1,0,1
"Cheatham, Reneka","Manley, Kristopher",8,0,1,0,0,0,0,-1,0
"Cheatham, Reneka","Schneider, Deja",7,1,1,1,0,0,0,0,1
"Cheatham, Reneka","Morris, Atif",5,-1,-1,1,1,-1,-1,0,1
"Cheatham, Reneka","Bravo, Tyler",5,1,1,-1,-1,0,0,1,0
"Cheatham, Reneka","Marrs, Caigen",6,-1,1,1,0,-1,-1,-1,1
"Cheatham, Reneka","el-Nasrallah, Nadeem",1,-1,-1,1,-1,-1,0,1,1
"Cheatham, Reneka","York, Danni",4,-1,0,-1,0,1,0,0,1
"Cheatham, Reneka","Johnson, Corey",7,-1,0,0,1,0,-1,1,1
"Cheatham, Reneka","Lucero, Brandon",9,0,0,0,1,0,-1,1,1
"Cheatham, Reneka","Nyre, Tavien",6,-1,0,1,1,0,0,-1,1
"Cheatham, Reneka","el-Wahba, Mubarak",7,1,1,1,0,0,0,0,1
"Cheatham, Reneka","Khanal, Farhan",3,1,1,0,0,-1,1,1,-1
"Cheatham, Reneka","al-Beshara, Hakeema",5,1,1,0,0,1,1,0,1
"Moon, Ramesh","Deniro, Marquis",8,-1,1,0,-1,0,0,-1,1
"Moon, Ramesh","Zhen, Tony",6,0,0,0,1,0,-1,1,0
"Moon, Ramesh","Charley, Justin",2,1,1,1,-1,-1,1,-1,0
"Moon, Ramesh","Estrada Ayala, Gregory",4,0,-1,1,0,0,1,0,0
"Moon, Ramesh","Dillard, Sierra",8,0,1,0,0,1,1,0,0
"Moon, Ramesh","Gomez, Yesenia",5,1,0,-1,1,1,0,1,-1
"Moon, Ramesh","Radebaugh, Kayla",3,-1,-1,0,-1,0,-1,0,-1
"Moon, Ramesh","el-Hakeem, Zaamil",7,1,0,-1,1,0,0,-1,0
"Moon, Ramesh","Kunzman, Hakeem",7,1,0,1,0,1,0,-1,0
"Moon, Ramesh","Mckinley, Waylene",8,0,0,1,-1,-1,0,1,1
"Moon, Ramesh","Wise, Bailey",9,0,0,0,-1,1,1,1,0
"Moon, Ramesh","Wong, Rajeev",5,-1,0,-1,1,-1,1,0,1
"Moon, Ramesh","Lares, Estrella",1,-1,0,0,-1,-1,0,0,-1
"Moon, Ramesh","Bayles, Savannah",9,1,1,0,0,1,0,1,0
"Ortiz, Robert","Teuton, Laura",7,1,1,0,0,-1,0,-1,1
"Ortiz, Robert","Boxley, Jermaine",7,0,-1,1,1,0,0,1,0
"Ortiz, Robert","Narangerel, Taylor",9,1,0,1,-1,0,0,1,1
"Ortiz, Robert","Cooper, Nader",6,1,-1,0,1,0,0,0,-1
"Ortiz, Robert","Lee, Charles",8,1,0,1,0,0,1,1,0
"Ortiz, Robert","Ortega, Joshua",6,0,1,0,1,0,1,1,1
"Ortiz, Robert","el-Huda, Jaarallah",10,1,0,-1,1,-1,0,1,1
"Ortiz, Robert","al-Masri, Saara",5,0,1,0,-1,-1,0,0,0
"Ortiz, Robert","Johnson, Levi",7,1,1,0,-1,-1,0,0,0
"Ortiz, Robert","el-Nasrallah, Nadeem",4,-1,-1,0,-1,-1,1,1,0
"Ortiz, Robert","Spore, Von Buddenbrock",9,1,0,0,0,-1,-1,-1,1
"Ortiz, Robert","Caddy, Shannon",7,0,0,0,-1,-1,-1,0,1
"Ortiz, Robert","Whyte, Tashina",9,1,0,-1,1,-1,1,1,-1
"Ortiz, Robert","Moore, Selena",9,1,0,0,-1,0,0,1,0
"Sapp, Rachel","el-Rasheed, Afeef",2,0,-1,0,0,0,-1,1,0
"Sapp, Rachel","el-Noorani, Huraira",9,-1,0,0,1,0,-1,0,1
"Sapp, Rachel","Dillard, Sierra",9,0,1,0,0,1,0,0,0
"Sapp, Rachel","Beck, Katryna",8,-1,-1,-1,-1,1,-1,0,0
"Sapp, Rachel","Gullatt, Josiah",6,1,-1,-1,-1,0,-1,0,-1
"Sapp, Rachel","Jones, Daniela",10,1,1,0,1,1,-1,0,1
"Sapp, Rachel","el-Majid, Muneeb",10,0,0,1,-1,1,1,1,1
"Sapp, Rachel","Pino, Willow",8,-1,-1,1,0,1,0,0,0
"Sapp, Rachel","Leung, Taylor",8,1,-1,-1,1,0,1,0,-1
"Sapp, Rachel","Kang, Kento",7,-1,1,-1,-1,0,1,-1,0
"Sapp, Rachel","Moimoi, Leah Frances",8,1,1,1,-1,-1,-1,-1,0
"Sapp, Rachel","Ortiz Martinez, Kiana",7,1,0,0,-1,0,-1,1,-1
"Sapp, Rachel","al-Firman, Adnaan",9,0,0,0,1,1,1,0,1
"Sapp, Rachel","Moore, Selena",9,1,0,0,0,1,0,1,0
"al-Shaban, Sanad","Smith, Erin",9,1,1,0,0,0,0,0,-1
"al-Shaban, Sanad","Rawlings, Jordan",9,-1,1,1,0,-1,-1,-1,-1
"al-Shaban, Sanad","al-Sader, Zubair",3,0,-1,0,0,-1,-1,-1,0
"al-Shaban, Sanad","Mcquown, Malia",6,0,0,-1,-1,0,0,1,-1
"al-Shaban, Sanad","Galera, Lee",8,-1,1,1,0,-1,-1,1,1
"al-Shaban, Sanad","Kunzman, Hakeem",9,1,0,1,1,1,1,1,-1
"al-Shaban, Sanad","Paudel, Alexis",10,1,0,1,1,0,0,-1,1
"al-Shaban, Sanad","Alaniz, Jesus-Isai",10,0,0,-1,0,0,1,0,1
"al-Shaban, Sanad","al-Gad, Taamira",6,-1,1,0,1,0,1,-1,0
"al-Shaban, Sanad","Baeza, Raquelin",6,1,-1,0,0,0,1,1,0
"al-Shaban, Sanad","Bartell, Nikoma",9,0,-1,1,1,1,1,1,1
"al-Shaban, Sanad","Calzadillas Aguirre, Katie",7,1,0,0,1,0,0,-1,1
"al-Shaban, Sanad","al-Morad, Badr",8,1,-1,1,1,1,-1,1,-1
"al-Shaban, Sanad","Carr, Joseph",9,0,1,1,1,1,-1,1,1
"al-Zafar, Sitaara","Spoon, Tammassha",3,1,1,0,-1,0,1,1,0
"al-Zafar, Sitaara","Ream, Brian",9,0,1,0,0,1,1,1,0
"al-Zafar, Sitaara","Sarwana, Melina",6,-1,-1,1,0,0,1,-1,-1
"al-Zafar, Sitaara","Galera, Lee",8,0,1,1,0,-1,-1,1,0
"al-Zafar, Sitaara","el-Othman, Shameem",7,-1,-1,-1,1,0,0,0,0
"al-Zafar, Sitaara","Lovett, Kaela",10,0,0,-1,1,-1,0,0,1
"al-Zafar, Sitaara","Nguyen, Min",3,-1,1,-1,-1,1,1,0,1
"al-Zafar, Sitaara","Garcia-Kapaun, John",10,0,0,1,0,1,0,1,-1
"al-Zafar, Sitaara","Tootle, Gavin",6,1,-1,-1,1,-1,-1,-1,-1
"al-Zafar, Sitaara","Spore, Von Buddenbrock",6,1,1,0,0,-1,-1,-1,1
"al-Zafar, Sitaara","Baeza, Raquelin",8,1,0,1,1,1,0,1,1
"al-Zafar, Sitaara","Kang, Kento",8,-1,1,-1,-1,1,1,-1,1
"al-Zafar, Sitaara","al-Firman, Adnaan",10,1,-1,0,0,1,0,0,1
"al-Zafar, Sitaara","Flores, Jose",4,0,-1,0,-1,1,1,1,-1
"el-Ahsan, Sundus","O'Hearne, Parker",3,1,0,0,-1,-1,-1,0,1
"el-Ahsan, Sundus","Leanos, Jalessa",6,1,1,1,0,1,0,1,-1
"el-Ahsan, Sundus","Mahan, James",4,-1,-1,-1,1,0,1,-1,-1
"el-Ahsan, Sundus","el-Abdelrahman, Shukri",4,-1,0,0,-1,-1,1,0,1
"el-Ahsan, Sundus","Chuong, Athena",8,1,1,1,1,-1,-1,1,1
"el-Ahsan, Sundus","Macias, Leslie",9,0,1,0,1,1,1,0,0
"el-Ahsan, Sundus","Pino, Willow",7,1,-1,0,0,1,1,1,1
"el-Ahsan, Sundus","Kunzman, Hakeem",7,1,0,0,1,1,0,0,0
"el-Ahsan, Sundus","Lopez, Herson",2,-1,1,1,0,-1,1,0,-1
"el-Ahsan, Sundus","Baca, James",7,1,0,1,1,1,0,0,0
"el-Ahsan, Sundus","Gustafson, Joseph",5,0,1,1,1,0,0,0,1
"el-Ahsan, Sundus","Lukens, Justin",6,1,-1,1,0,0,-1,-1,1
"el-Ahsan, Sundus","Franklin, Andrew",4,1,1,0,-1,-1,0,1,-1
"el-Ahsan, Sundus","Williams, Elroy",4,-1,0,0,0,0,1,0,-1
"el-Guler, Shaahida","Rawlings, Jordan",5,-1,1,1,0,-1,-1,0,-1
"el-Guler, Shaahida","Romero, Summer",7,1,0,1,0,1,0,1,0
"el-Guler, Shaahida","Mishenko, Arturo",6,0,0,1,0,1,-1,0,1
"el-Guler, Shaahida","Ruybalid, Shelbie",4,-1,0,1,1,0,0,0,0
"el-Guler, Shaahida","Elliott, Isaac",6,1,1,0,-1,1,0,0,-1
"el-Guler, Shaahida","Hernandez, Ashley",6,0,1,0,-1,1,0,0,0
"el-Guler, Shaahida","Le, Deanna",5,1,-1,-1,1,-1,1,0,1
"el-Guler, Shaahida","Macias, Leslie",8,0,1,0,1,1,1,0,1
"el-Guler, Shaahida","Garcia-Kapaun, John",8,1,-1,1,0,1,0,1,0
"el-Guler, Shaahida","el-Reza, Saamir",6,-1,0,1,1,0,1,0,-1
"el-Guler, Shaahida","Harris, Brandon",7,-1,0,1,-1,1,1,-1,0
"el-Guler, Shaahida","Reat, Aaliyah",8,0,1,-1,0,0,0,1,0
"el-Guler, Shaahida","Christopher, Inikpi",0,1,1,0,0,-1,-1,-1,-1
"el-Guler, Shaahida","Tutt, Briana",7,0,0,1,1,1,-1,-1,-1
"Johnson, Spencer","Solorzano, Robert",9,-1,1,1,-1,-1,1,0,1
"Johnson, Spencer","Rundle, Jeremy",7,1,0,0,0,-1,0,0,-1
"Johnson, Spencer","al-Nazir, Qisma",6,-1,0,1,1,0,0,-1,-1
"Johnson, Spencer","Mcconico, Cl",6,1,1,1,0,1,1,1,1
"Johnson, Spencer","Aldrich, David",7,1,1,-1,0,-1,0,-1,0
"Johnson, Spencer","al-Madani, Ghaali",6,1,0,-1,-1,-1,1,1,1
"Johnson, Spencer","Edwards, Colette",9,1,1,-1,0,0,1,0,-1
"Johnson, Spencer","Bird, Kaitlyn",9,1,1,0,1,0,0,0,1
"Johnson, Spencer","Lynch, Ronald",7,1,0,0,-1,1,1,1,0
"Johnson, Spencer","el-Aydin, Labeeb",10,0,1,1,-1,1,1,1,0
"Johnson, Spencer","Alarid, Sage",6,1,0,1,1,-1,0,-1,-1
"Johnson, Spencer","Diaz, Alisha",9,1,0,0,1,1,0,1,0
"Johnson, Spencer","Malott, Hannah",8,1,0,0,0,0,0,0,0
"Johnson, Spencer","Matthews, Alicia",5,-1,0,0,-1,0,0,1,0
"Lundstrom, Sean","Manley, Kristopher",8,1,1,0,0,0,-1,-1,1
"Lundstrom, Sean","Hilton, Jordon",6,-1,1,-1,0,-1,-1,1,-1
"Lundstrom, Sean","Gutierrez, Lynette",6,0,0,-1,1,1,1,-1,0
"Lundstrom, Sean","Lathan, Rhemi",5,0,0,-1,1,0,0,0,0
"Lundstrom, Sean","Vue, Bailey",3,-1,0,0,-1,0,-1,-1,-1
"Lundstrom, Sean","Berhane, Taylor",7,0,-1,0,0,0,1,0,0
"Lundstrom, Sean","Dakos, Tmorchi",6,-1,1,-1,0,0,-1,0,0
"Lundstrom, Sean","Martinez, Deirdra",10,1,1,1,1,1,0,-1,1
"Lundstrom, Sean","Mcconico, Cl",7,1,1,-1,-1,1,0,1,1
"Lundstrom, Sean","Reat, Aaliyah",9,0,1,0,1,0,-1,1,1
"Lundstrom, Sean","Baeza, Raquelin",9,-1,-1,0,0,0,-1,1,0
"Lundstrom, Sean","Mcelhaney, Kevin",9,0,0,0,1,1,-1,0,0
"Lundstrom, Sean","Moimoi, Leah Frances",9,1,1,1,0,-1,-1,0,0
"Lundstrom, Sean","Bohannon-Pea, Yaphet",9,-1,1,0,0,1,-1,1,-1
"Pham, Sandra","Hamdan, David",10,0,1,1,1,1,1,1,0
"Pham, Sandra","Narangerel, Taylor",8,0,0,1,0,1,-1,1,0
"Pham, Sandra","Lee, Benjamin",9,0,0,-1,0,0,0,0,0
"Pham, Sandra","Logan, Kristina",8,1,0,0,-1,0,0,0,1
"Pham, Sandra","Radebaugh, Kayla",6,-1,-1,-1,-1,0,-1,0,0
"Pham, Sandra","Garcia, Waynoka",8,0,1,-1,-1,-1,0,-1,1
"Pham, Sandra","Mahan, James",7,-1,-1,-1,0,0,1,0,0
"Pham, Sandra","Mcconico, Cl",9,1,0,0,0,1,0,1,1
"Pham, Sandra","Vandersluis, Amber",6,0,-1,0,-1,1,-1,0,1
"Pham, Sandra","el-Ghani, Saadiq",7,-1,-1,0,0,-1,1,0,0
"Pham, Sandra","Pacheco, Jazmyen",7,-1,-1,0,-1,1,0,0,-1
"Pham, Sandra","al-Azam, Raaida",6,-1,0,-1,1,-1,-1,0,-1
"Pham, Sandra","Vigil, Ernesto",6,0,-1,1,-1,-1,0,0,-1
"Pham, Sandra","al-Bilal, Khawla",5,0,-1,1,1,-1,0,0,0
"Quach, Summer","Solorzano, Robert",7,-1,1,1,-1,1,1,-1,1
"Quach, Summer","Khatter, Dakota",8,-1,1,0,1,-1,1,0,1
"Quach, Summer","Kills In Sight, Jacob",6,1,0,0,0,-1,0,-1,-1
"Quach, Summer","Schneider, Deja",8,1,1,1,0,0,1,-1,1
"Quach, Summer","Silos, Mareena",6,0,1,0,0,0,1,0,1
"Quach, Summer","Martinez, Derek",8,0,1,-1,1,0,-1,0,0
"Quach, Summer","Beck, Katryna",5,-1,-1,0,-1,1,-1,0,0
"Quach, Summer","Elliott, Isaac",6,1,1,1,-1,1,0,1,0
"Quach, Summer","Rodriguez, Ryan",10,1,0,1,0,1,0,0,1
"Quach, Summer","al-Adel, Raheema",8,0,0,-1,1,1,0,1,1
"Quach, Summer","Miller, Ariel",8,1,1,1,1,0,0,1,1
"Quach, Summer","Wise, Bailey",7,1,1,-1,0,1,1,1,0
"Quach, Summer","Walker, Dejouray",4,0,1,-1,0,1,0,1,-1
"Quach, Summer","Reyes, Lanisha",8,0,0,1,1,1,-1,0,1
"Reynolds, Selamawit","Polashock, Shawn",8,-1,1,1,0,1,1,1,1
"Reynolds, Selamawit","Charley, Justin",1,1,1,0,0,0,0,-1,1
"Reynolds, Selamawit","Lozano-Garcia, Jordan",6,0,1,1,1,1,1,0,0
"Reynolds, Selamawit","Gutierrez, Lynette",4,1,1,-1,1,0,1,-1,1
"Reynolds, Selamawit","Stauter, Wesley",3,0,0,0,-1,0,-1,1,1
"Reynolds, Selamawit","Williams, Marcus",6,0,0,1,1,-1,0,1,1
"Reynolds, Selamawit","Maxie, Ezana",6,-1,1,-1,0,0,0,0,1
"Reynolds, Selamawit","Lopez-Ortiz, Christopher",7,0,1,0,0,-1,-1,1,1
"Reynolds, Selamawit","Tootle, Gavin",6,1,0,-1,1,0,-1,1,0
"Reynolds, Selamawit","Silas, Joel",1,0,1,1,0,1,-1,1,-1
"Reynolds, Selamawit","Pacheco, Jazmyen",3,-1,-1,0,0,1,-1,0,-1
"Reynolds, Selamawit","Hicks, Ayana",5,1,-1,0,0,1,0,0,0
"Reynolds, Selamawit","Kabotie, Desiree",2,-1,1,-1,1,0,-1,1,0
"Reynolds, Selamawit","Mckinley, Waylene",9,-1,-1,1,0,0,0,1,0
"Sands, Srish","Laymon, Alysiana",8,0,0,1,0,1,0,-1,1
"Sands, Srish","Ortega, Joshua",7,1,1,0,0,0,1,0,0
"Sands, Srish","Lathan, Rhemi",1,0,0,-1,1,1,0,0,0
"Sands, Srish","Lial, Tasina",5,0,1,1,1,-1,0,1,-1
"Sands, Srish","Weasel Bear, Daniel",3,0,0,1,1,0,0,0,-1
"Sands, Srish","Goddard, Austin",2,0,0,-1,0,0,0,1,0
"Sands, Srish","Mauga, Esther",5,1,1,-1,1,1,1,1,1
"Sands, Srish","Ho, Jumana",7,1,-1,0,1,1,-1,0,0
"Sands, Srish","Frazier, Imani",5,-1,1,0,1,1,0,1,1
"Sands, Srish","Leung, Taylor",6,1,-1,-1,-1,1,1,1,-1
"Sands, Srish","Mckinley, Waylene",7,0,0,1,1,-1,0,1,1
"Sands, Srish","Calzadillas Aguirre, Katie",3,0,0,0,1,-1,0,-1,0
"Sands, Srish","Delarosa-Arroyo, Erick",2,-1,0,-1,0,0,-1,0,1
"Sands, Srish","Reyes, Lanisha",8,1,1,0,1,1,0,-1,1
"Billy, Timothy","Edler, Patrick",7,1,0,-1,-1,0,0,-1,-1
"Billy, Timothy","Hughes, Thailia",6,0,0,-1,1,0,1,1,1
"Billy, Timothy","Davis, Te'Nisha",4,0,-1,0,0,-1,-1,1,-1
"Billy, Timothy","Legg, Dakota",8,-1,-1,0,0,-1,-1,0,0
"Billy, Timothy","Boigenzahn, Lauren",6,1,0,0,-1,0,0,0,0
"Billy, Timothy","Elliott, Isaac",5,1,1,0,-1,1,0,1,-1
"Billy, Timothy","Garcia, Justin",7,-1,1,1,-1,0,1,-1,0
"Billy, Timothy","Rodriguez, Ryan",10,0,1,0,0,1,-1,0,1
"Billy, Timothy","el-Hamady, Shahaama",7,1,0,0,1,1,-1,1,1
"Billy, Timothy","Mcconico, Cl",8,1,1,0,1,1,0,1,1
"Billy, Timothy","Vandersluis, Amber",7,0,-1,0,0,1,-1,0,1
"Billy, Timothy","al-Madani, Ghaali",3,1,0,0,-1,-1,-1,1,1
"Billy, Timothy","Bartell, Nikoma",10,0,-1,1,1,1,0,0,1
"Billy, Timothy","Calzadillas Aguirre, Katie",4,0,1,0,1,0,0,-1,1
"el-Edris, Tahiyya","Ruybalid, Shelbie",1,-1,0,0,1,0,1,0,0
"el-Edris, Tahiyya","Nayak, Emily",0,-1,-1,-1,0,0,0,1,1
"el-Edris, Tahiyya","Sinath, Julie",5,-1,-1,-1,-1,-1,0,-1,-1
"el-Edris, Tahiyya","Hunter, Warren",3,1,-1,0,0,0,1,0,0
"el-Edris, Tahiyya","al-Khalil, Salmaan",3,-1,0,1,-1,0,1,1,0
"el-Edris, Tahiyya","Henry, Daniel",3,-1,-1,1,-1,-1,0,0,0
"el-Edris, Tahiyya","Weiss, Zachary",4,1,0,0,1,0,1,0,1
"el-Edris, Tahiyya","al-Azam, Raaida",3,-1,0,0,0,-1,-1,1,-1
"el-Edris, Tahiyya","Yanez, Edgar",7,0,0,0,-1,1,1,0,-1
"el-Edris, Tahiyya","Gibbons, Geneva",6,0,0,0,1,-1,0,1,0
"el-Edris, Tahiyya","Kekahbah, Aaron",5,0,1,0,0,-1,-1,1,1
"el-Edris, Tahiyya","Diaz, Alisha",4,1,-1,0,1,1,0,1,1
"el-Edris, Tahiyya","Wong, Rajeev",4,-1,0,0,0,-1,1,1,1
"el-Edris, Tahiyya","Bayles, Savannah",8,1,1,1,0,0,0,1,0
"el-Samad, Tawheed","Spoon, Tammassha",3,0,1,0,-1,0,1,1,0
"el-Samad, Tawheed","Deniro, Marquis",8,0,1,0,1,1,0,-1,1
"el-Samad, Tawheed","Dotson, Demetrious",6,1,1,-1,1,1,-1,1,0
"el-Samad, Tawheed","Davis, Te'Nisha",2,0,-1,0,0,0,0,1,-1
"el-Samad, Tawheed","Romero, Lisbet",7,1,1,0,0,0,0,1,1
"el-Samad, Tawheed","Banuelos-Rivas, Denisse",6,1,0,-1,0,1,0,0,1
"el-Samad, Tawheed","Lial, Tasina",6,1,1,1,1,-1,1,1,-1
"el-Samad, Tawheed","Reat, Aaliyah",8,0,1,0,1,0,0,1,1
"el-Samad, Tawheed","Aldrich, David",7,1,1,-1,1,-1,-1,-1,1
"el-Samad, Tawheed","el-Kazemi, Arshad",6,0,1,0,0,0,-1,0,0
"el-Samad, Tawheed","Sands, Austin",3,-1,0,1,0,1,0,1,-1
"el-Samad, Tawheed","Roberts, Tyrone",9,1,0,1,1,0,1,1,1
"el-Samad, Tawheed","Caddy, Shannon",5,1,0,0,-1,-1,-1,-1,1
"el-Samad, Tawheed","Franklin, Andrew",6,1,0,0,-1,-1,0,1,-1
"Kim, Tyler","Zhen, Tony",7,0,0,0,1,0,1,1,-1
"Kim, Tyler","Pavlovsky, Tavaughn",7,-1,0,1,1,0,0,1,0
"Kim, Tyler","Lial, Tasina",6,1,1,1,1,0,0,1,-1
"Kim, Tyler","el-Salah, Azeeza",0,0,0,-1,-1,0,-1,-1,0
"Kim, Tyler","Macias, Leslie",9,1,0,0,1,0,1,0,1
"Kim, Tyler","Martinez, Deirdra",9,1,1,1,0,1,0,-1,1
"Kim, Tyler","Brown, Reno",6,1,1,1,0,-1,-1,0,1
"Kim, Tyler","Henry, Daniel",4,-1,-1,1,0,-1,0,0,-1
"Kim, Tyler","Reed, Tanna",5,0,0,-1,0,1,0,0,-1
"Kim, Tyler","al-Mourad, Shafaaa",0,0,0,-1,-1,-1,0,1,0
"Kim, Tyler","Sandoval, Dylan",6,0,1,-1,-1,1,1,0,0
"Kim, Tyler","Delarosa, Urian",6,0,0,0,1,0,0,1,1
"Kim, Tyler","Bohannon-Pea, Yaphet",8,-1,1,1,1,-1,0,1,-1
"Kim, Tyler","Bernal, William",7,0,0,-1,1,0,0,0,0
"Lalria, Tylor","Duong, Henry",7,0,-1,-1,1,1,1,1,1
"Lalria, Tylor","Dillard, Sierra",7,0,1,0,0,1,1,0,-1
"Lalria, Tylor","Rundle, Jeremy",4,1,0,0,0,-1,1,1,0
"Lalria, Tylor","Foster, Nichelle",4,1,0,0,-1,1,0,1,1
"Lalria, Tylor","Leyba, Serenity",4,-1,0,-1,0,-1,-1,1,0
"Lalria, Tylor","el-Hakeem, Zaamil",6,1,1,-1,1,-1,-1,-1,0
"Lalria, Tylor","Johnson, Corey",4,-1,1,0,1,-1,-1,0,-1
"Lalria, Tylor","Puebla, Martin",8,0,1,1,0,1,0,1,1
"Lalria, Tylor","al-Ammar, Ramziyya",7,1,-1,-1,0,1,1,1,-1
"Lalria, Tylor","Phan, Patrick",7,1,1,1,0,0,0,-1,0
"Lalria, Tylor","Delgado, Zachary",8,-1,1,1,0,-1,0,1,1
"Lalria, Tylor","Silas, Joel",4,-1,1,1,1,1,-1,1,0
"Lalria, Tylor","Kassmeier, Lauryn",3,0,1,0,1,1,1,-1,0
"Lalria, Tylor","Calzadillas Aguirre, Katie",4,-1,0,0,1,0,0,-1,1
"Mannon, Thomas","al-Awan, Nawaal",8,1,0,1,0,-1,1,0,0
"Mannon, Thomas","Gutierrez, Lynette",5,0,0,-1,0,-1,1,-1,0
"Mannon, Thomas","Morris, Atif",7,1,-1,1,1,0,0,0,1
"Mannon, Thomas","Mcquown, Malia",4,0,1,-1,-1,0,0,1,-1
"Mannon, Thomas","Jones, Daniela",7,1,1,-1,1,1,-1,0,1
"Mannon, Thomas","Mahan, James",5,-1,-1,-1,1,0,1,-1,-1
"Mannon, Thomas","Ho, Jumana",8,1,0,0,0,1,1,1,-1
"Mannon, Thomas","Sands, Austin",4,0,1,0,0,1,0,0,-1
"Mannon, Thomas","Tutt, Briana",8,-1,-1,1,0,1,0,-1,0
"Mannon, Thomas","Bradford, Timothy",8,1,1,-1,1,0,1,-1,0
"Mannon, Thomas","Bird, Kaitlyn",9,-1,0,0,1,1,-1,0,1
"Mannon, Thomas","Jones, Ha'Dori",3,-1,-1,1,0,0,0,-1,1
"Mannon, Thomas","Gibbons, Geneva",9,0,-1,0,0,-1,0,1,0
"Mannon, Thomas","Laner, Christopher",9,1,-1,1,-1,0,0,1,0
"Martinez Casas, Thomas","Romero, Summer",10,0,0,1,1,1,0,1,1
"Martinez Casas, Thomas","el-Chahine, Shakeela",6,0,0,-1,-1,1,0,1,0
"Martinez Casas, Thomas","el-Salah, Azeeza",1,-1,0,-1,0,0,-1,0,-1
"Martinez Casas, Thomas","Bravo, Tyler",6,1,1,0,0,1,-1,1,0
"Martinez Casas, Thomas","Price, Takesha",5,0,0,0,1,-1,0,0,1
"Martinez Casas, Thomas","Vandersluis, Amber",8,0,-1,0,1,1,-1,0,1
"Martinez Casas, Thomas","el-Hashem, Shaamil",10,0,-1,1,1,0,-1,0,1
"Martinez Casas, Thomas","Delgado, Zachary",10,0,1,1,0,0,0,1,0
"Martinez Casas, Thomas","al-Wakim, Wajeeha",9,0,1,0,1,0,1,0,1
"Martinez Casas, Thomas","Molina, Amanda",6,1,-1,0,0,0,0,-1,0
"Martinez Casas, Thomas","Vera, Israel",9,-1,0,-1,-1,-1,0,0,0
"Martinez Casas, Thomas","el-Aydin, Labeeb",9,-1,1,1,0,1,0,1,-1
"Martinez Casas, Thomas","Delarosa-Arroyo, Erick",5,0,1,-1,0,1,-1,-1,0
"Martinez Casas, Thomas","Flores, Jose",5,0,-1,0,0,1,1,0,0
"Sudaria, Tanandorn","Estrada Ayala, Gregory",7,-1,-1,1,1,1,1,0,0
"Sudaria, Tanandorn","Weasel Bear, Daniel",6,-1,-1,1,0,0,0,1,1
"Sudaria, Tanandorn","Legg, Dakota",8,-1,0,-1,1,0,-1,0,-1
"Sudaria, Tanandorn","el-Othman, Shameem",9,0,0,-1,0,0,-1,1,1
"Sudaria, Tanandorn","Gonzales, Katie",9,0,0,-1,0,0,0,1,-1
"Sudaria, Tanandorn","Yanez, Edgar",8,0,0,0,-1,1,1,-1,1
"Sudaria, Tanandorn","Mcelhaney, Kevin",8,1,1,1,1,0,-1,0,0
"Sudaria, Tanandorn","Kassmeier, Lauryn",9,0,1,0,1,0,0,-1,0
"Sudaria, Tanandorn","al-Amer, Hiwaaya",8,0,0,1,0,0,-1,1,-1
"Sudaria, Tanandorn","Franklin, Andrew",4,1,0,-1,0,-1,0,1,0
"Sudaria, Tanandorn","al-Beshara, Hakeema",8,1,1,1,0,0,0,0,0
"Sudaria, Tanandorn","Lares, Estrella",3,-1,0,0,-1,0,-1,0,0
"Sudaria, Tanandorn","al-Bilal, Khawla",5,-1,-1,1,0,-1,0,0,-1
"Sudaria, Tanandorn","Alvarado, Madeline",10,0,1,0,1,0,1,1,0
"Olsen, Vy","el-Nawaz, Ghaaliba",6,0,0,1,0,-1,1,1,-1
"Olsen, Vy","Lozano-Garcia, Jordan",6,0,1,1,1,0,0,1,-1
"Olsen, Vy","Blackwater, Cinead",8,1,1,-1,1,1,1,0,0
"Olsen, Vy","Mendoza, Hannah",10,0,0,0,1,0,0,1,1
"Olsen, Vy","Andrews, Zachery",9,1,1,1,1,-1,0,1,0
"Olsen, Vy","Nguyen, Min",4,-1,1,0,-1,1,-1,0,0
"Olsen, Vy","el-Hamady, Shahaama",8,1,0,1,1,1,-1,1,1
"Olsen, Vy","Madera, Aimee",10,1,0,1,-1,1,1,0,0
"Olsen, Vy","Brown, Reno",6,1,-1,1,0,-1,-1,0,-1
"Olsen, Vy","Gonzales, Katie",7,-1,1,-1,1,0,-1,0,-1
"Olsen, Vy","el-Kazemi, Arshad",9,0,1,0,0,0,0,0,-1
"Olsen, Vy","Kang, Kento",8,0,1,-1,0,-1,1,-1,0
"Olsen, Vy","el-Aydin, Labeeb",10,1,1,1,0,0,1,1,1
"Olsen, Vy","Bartell, Nikoma",10,0,-1,1,1,1,1,1,1
"Martinez-Alcon, William","Ream, Brian",8,0,1,1,0,1,0,0,0
"Martinez-Alcon, William","al-Awan, Nawaal",6,1,0,1,0,-1,-1,1,-1
"Martinez-Alcon, William","Turner, Christian",8,1,-1,0,0,1,-1,1,1
"Martinez-Alcon, William","el-Nouri, Wajdiyya",6,1,1,1,0,1,0,1,0
"Martinez-Alcon, William","el-Salah, Azeeza",0,-1,0,0,0,1,-1,-1,-1
"Martinez-Alcon, William","Llamas, Jessica",10,1,1,1,0,1,1,0,0
"Martinez-Alcon, William","Dakos, Tmorchi",3,-1,1,-1,-1,0,1,0,0
"Martinez-Alcon, William","Tafoya, Alejandra",10,0,1,1,0,1,0,1,0
"Martinez-Alcon, William","Washington, Mariamawit",9,-1,1,1,-1,1,0,0,0
"Martinez-Alcon, William","Moua, Sarah",9,1,1,0,1,1,1,1,0
"Martinez-Alcon, William","el-Kazi, Aaqil",2,0,1,-1,-1,0,1,0,-1
"Martinez-Alcon, William","Lefholz, Rashaan",10,1,1,1,-1,1,-1,1,0
"Martinez-Alcon, William","Ortiz Martinez, Kiana",5,1,0,0,0,-1,-1,1,0
"Martinez-Alcon, William","Lares, Estrella",1,-1,0,0,-1,-1,0,-1,0
"Wirsching, Wyatt","el-Jamal, Muaaid",7,1,1,1,0,1,0,1,-1
"Wirsching, Wyatt","Zhen, Tony",5,-1,0,0,1,0,-1,1,0
"Wirsching, Wyatt","Cox-Robinson, Kiyontus",5,1,0,1,0,1,0,1,-1
"Wirsching, Wyatt","el-Nawaz, Ghaaliba",4,1,0,-1,0,1,0,1,0
"Wirsching, Wyatt","Banuelos-Rivas, Denisse",8,1,0,-1,-1,1,-1,0,1
"Wirsching, Wyatt","el-Huda, Jaarallah",8,0,0,-1,0,0,0,1,1
"Wirsching, Wyatt","Tahlo, Emma",8,1,0,0,0,1,1,1,0
"Wirsching, Wyatt","Dakos, Tmorchi",2,-1,1,-1,-1,1,0,0,1
"Wirsching, Wyatt","el-Hakeem, Zaamil",6,1,1,-1,1,-1,-1,0,0
"Wirsching, Wyatt","el-Ghani, Saadiq",4,-1,-1,-1,0,-1,1,-1,0
"Wirsching, Wyatt","Frazier, Imani",4,0,1,-1,1,0,0,0,0
"Wirsching, Wyatt","Tutt, Briana",6,-1,0,0,1,1,0,-1,0
"Wirsching, Wyatt","Gonzales, Kalyn",5,0,0,0,-1,1,0,-1,0
"Wirsching, Wyatt","Wise, Bailey",6,1,1,0,-1,1,1,1,0
"Crowghost, Zachary","Boxley, Jermaine",6,1,-1,1,1,0,-1,1,-1
"Crowghost, Zachary","al-Baten, Raita",7,0,-1,0,-1,0,1,0,-1
"Crowghost, Zachary","Fields, Rashiah",4,-1,1,-1,1,0,-1,-1,0
"Crowghost, Zachary","Duong, Henry",6,0,-1,-1,0,1,1,1,1
"Crowghost, Zachary","Leanos, Jalessa",7,1,1,1,0,1,0,1,-1
"Crowghost, Zachary","Logan, Kristina",7,0,1,0,0,0,0,0,0
"Crowghost, Zachary","Morris, Atif",4,0,-1,1,1,0,-1,0,1
"Crowghost, Zachary","al-Adel, Raheema",7,-1,-1,-1,1,1,0,1,1
"Crowghost, Zachary","Amerson, Scheridan",9,1,1,1,0,0,0,0,0
"Crowghost, Zachary","Kersey, Naim",4,0,1,0,0,0,-1,-1,-1
"Crowghost, Zachary","el-Kazemi, Arshad",7,0,1,-1,0,0,0,1,-1
"Crowghost, Zachary","Tafoya, Alejandra",10,-1,1,0,0,1,1,1,0
"Crowghost, Zachary","Salaz, Shiann",9,1,-1,0,1,1,1,1,1
"Crowghost, Zachary","Horton, Kalen",7,0,0,0,0,1,1,0,0
"el-Ghanem, Zumruda","Barnes, Naomi",10,0,1,1,1,0,0,0,1
"el-Ghanem, Zumruda","el-Nouri, Wajdiyya",5,0,1,1,-1,1,0,1,1
"el-Ghanem, Zumruda","al-Farha, Faseeha",8,1,0,1,0,1,-1,1,1
"el-Ghanem, Zumruda","Garcia, Justin",5,0,1,1,-1,0,1,0,0
"el-Ghanem, Zumruda","Rodriguez, Ryan",9,1,1,0,0,1,-1,1,1
"el-Ghanem, Zumruda","al-Ammar, Ramziyya",6,1,-1,-1,1,1,1,0,-1
"el-Ghanem, Zumruda","Macias, Leslie",10,-1,0,0,0,1,1,0,1
"el-Ghanem, Zumruda","al-Khalil, Salmaan",7,-1,1,1,-1,0,1,0,-1
"el-Ghanem, Zumruda","Spore, Von Buddenbrock",6,0,1,0,0,-1,0,-1,1
"el-Ghanem, Zumruda","Brown, Reno",7,1,-1,0,0,-1,1,0,1
"el-Ghanem, Zumruda","Carabajal III, Mason",4,1,0,-1,-1,1,1,0,-1
"el-Ghanem, Zumruda","Bradford, Timothy",7,1,1,-1,1,0,1,0,0
"el-Ghanem, Zumruda","Mckinley, Waylene",8,-1,-1,1,1,0,0,1,1
"el-Ghanem, Zumruda","al-Dallal, Wajeeh",6,0,0,-1,0,1,-1,1,1
"Schlueter, Zachery","Smith, Erin",6,1,0,-1,0,0,-1,0,-1
"Schlueter, Zachery","Lobato, Lolita",5,0,1,0,-1,0,1,-1,1
"Schlueter, Zachery","el-Noorani, Huraira",7,0,0,0,0,0,-1,-1,0
"Schlueter, Zachery","Montgomery, Adriena",0,-1,-1,-1,0,-1,-1,0,0
"Schlueter, Zachery","Lozano-Garcia, Jordan",6,0,1,1,1,0,1,0,-1
"Schlueter, Zachery","Hilton, Jordon",5,0,1,0,0,-1,-1,0,-1
"Schlueter, Zachery","Tran, Annemarie",9,1,0,0,0,1,1,0,-1
"Schlueter, Zachery","Stauter, Wesley",6,-1,-1,0,0,0,-1,0,0
"Schlueter, Zachery","Tahlo, Emma",9,1,0,1,1,1,1,1,-1
"Schlueter, Zachery","Miller, Ariel",6,1,1,1,1,1,1,1,1
"Schlueter, Zachery","Madera, Aimee",9,1,0,0,-1,1,1,-1,0
"Schlueter, Zachery","Kersey, Naim",2,0,1,-1,0,1,-1,0,-1
"Schlueter, Zachery","Pacheco, Jazmyen",7,-1,0,0,-1,0,1,0,-1
"Schlueter, Zachery","Vera, Israel",9,1,1,0,-1,1,0,0,0
