"Name","Preferred","Email","Faculty.Member.1","Faculty.Member.2","Faculty.Member.3","Faculty.Member.4","Faculty.Member.5","Faculty.Member.6"
"Ypbol, Ydqod","Ydqod","YYdqod@whatever.com","Sjhtj, Kfyww","Qtuot, Wcvsv","Fmovs, Mwquy","Lspjy, Hgrtu","Klmik, Zozhc","Mgpdx, Alark"
"Vlmxm, Qkxmp","Qkxmp","VQkxmp@whatever.com","Nxmrm, Whfcb","Rgkcq, Wwguw","Kxkvs, Ybern","Gmipv, Uhdqf","Neoku, Riddq",NA
"Lmofu, Brait","Brait","LBrait@whatever.com","Ooynh, Lpehz","Adome, Bsiwc","Nbdqj, Pvawa",NA,"Bzyeh, Odxpq",NA
"Uygql, Bzyar","Bzyar","UBzyar@whatever.com","Dkqao, Xkuoc","Dkqao, Xkuoc","Neoku, Riddq",NA,NA,NA
"Gmdxj, Belkp","Belkp","GBelkp@whatever.com","Ccdiz, Avrts","Kxkvs, Ybern","Bzyeh, Odxpq",NA,NA,NA
"Qjnzn, Xqons","Xqons","QXqons@whatever.com","Idjns, Kihaq","Hqesm, Qcqxe","Nqdts, Yrcmr","Nxmrm, Whfcb","Nxmrm, Whfcb","Hulog, Yekov"
"Nlxhb, Ertki","Ertki","NErtki@whatever.com","Zjtkp, Chvrs","Ysqxr, Fseak","Srqwd, Doibf",NA,NA,NA
"Hkkty, Jtdob","Jtdob","HJtdob@whatever.com","Pimke, Lbnvu","Guqhg, Kifpd","Srqwd, Doibf",NA,"Koiji, Rzwpf","Txvfo, Urczg"
"Ggulv, Vmepg","Vmepg","GVmepg@whatever.com","Ysqxr, Fseak","Jypdo, Qpixs","Iqvdv, Haboc",NA,NA,NA
"Wfmwr, Fomwq","Fomwq","WFomwq@whatever.com","Iqvdv, Haboc","Cdyac, Xfosg","Zjtkp, Chvrs",NA,NA,"Hulog, Yekov"
"Jmqyu, Afqch","Afqch","JAfqch@whatever.com","Oogco, Valml","Txvfo, Urczg","Nbdqj, Pvawa","Cdyac, Xfosg","Adome, Bsiwc",NA
"Tsqzu, Cfmcn","Cfmcn","TCfmcn@whatever.com","Ppjlk, Gcwyy","Qtuot, Wcvsv","Fmovs, Mwquy",NA,"Klmik, Zozhc",NA
"Sspmt, Qvnhh","Qvnhh","SQvnhh@whatever.com","Hlwup, Mogub","Idjns, Kihaq","Syzhw, Nzpgd",NA,"Idjns, Kihaq",NA
"Befth, Lmjql","Lmjql","BLmjql@whatever.com","Hqesm, Qcqxe","Iqvdv, Haboc","Srqwd, Doibf",NA,NA,"Nbdqj, Pvawa"
"Zxyez, Lnvet","Lnvet","ZLnvet@whatever.com","Srqwd, Doibf","Heset, Bpmjr","Dkqao, Xkuoc",NA,NA,"Gmipv, Uhdqf"
"Ylewo, Kedtb","Kedtb","YKedtb@whatever.com","Iqvdv, Haboc","Iqvdv, Haboc","Rizuo, Nfxsj",NA,NA,"Ydgop, Talqk"
"Aqcnd, Chrus","Chrus","AChrus@whatever.com","Gmipv, Uhdqf","Bacea, Fvbfk","Ydgop, Talqk","Okqqs, Ocoho",NA,NA
"Sqyrg, Tyayo","Tyayo","STyayo@whatever.com","Sjhtj, Kfyww","Lspjy, Hgrtu","Svvbd, Xdwla",NA,"Ssxby, Unmct",NA
"Zzhmz, Wsdcr","Wsdcr","ZWsdcr@whatever.com","Jypdo, Qpixs","Zaybs, Znpls","Bvcdl, Nuwic",NA,NA,NA
"Hmniy, Mwnzn","Mwnzn","HMwnzn@whatever.com","Zaybs, Znpls","Ccdiz, Avrts",NA,"Svvbd, Xdwla","Ccdiz, Avrts",NA
"Iqnpo, Hhhkw","Hhhkw","IHhhkw@whatever.com","Adome, Bsiwc","Tziqt, Avdhp","Rizuo, Nfxsj","Cbqir, Zbrmt","Txvfo, Urczg",NA
"Xpwzu, Uctuc","Uctuc","XUctuc@whatever.com","Tyhvb, Gsfap","Adome, Bsiwc","Klmik, Zozhc",NA,NA,NA
"Wurrz, Gjzki","Gjzki","WGjzki@whatever.com","Tziqt, Avdhp","Cbqir, Zbrmt",NA,NA,"Neoku, Riddq","Qtuot, Wcvsv"
"Hlgtm, Sjwbu","Sjwbu","HSjwbu@whatever.com","Zjtkp, Chvrs","Koiji, Rzwpf","Jypdo, Qpixs",NA,NA,"Oogco, Valml"
"Kphpe, Ruwqz","Ruwqz","KRuwqz@whatever.com","Lkmaf, Edsmu","Mcpik, Yplpr","Ppjlk, Gcwyy",NA,NA,"Tyhvb, Gsfap"
"Jibwo, Evzsj","Evzsj","JEvzsj@whatever.com","Heset, Bpmjr","Ooynh, Lpehz","Lspjy, Hgrtu",NA,NA,"Jivuv, Syvcs"
"Jxufv, Waini","Waini","JWaini@whatever.com","Rgkcq, Wwguw","Zaybs, Znpls","Gmipv, Uhdqf","Ccdiz, Avrts",NA,NA
"Emxwn, Fwkkb","Fwkkb","EFwkkb@whatever.com","Pimke, Lbnvu","Okqqs, Ocoho","Lspjy, Hgrtu","Xnnix, Ucrdx","Nbdqj, Pvawa","Zjtkp, Chvrs"
"Fplqm, Nbeqz","Nbeqz","FNbeqz@whatever.com","Hthxa, Fuxui","Svvbd, Xdwla","Aktqr, Zupsi",NA,"Yoqtz, Giixu","Tyhvb, Gsfap"
"Bglkf, Tqvuf","Tqvuf","BTqvuf@whatever.com","Pimke, Lbnvu","Ooynh, Lpehz","Hulog, Yekov",NA,"Qtuot, Wcvsv",NA
"Owznz, Znsnz","Znsnz","OZnsnz@whatever.com","Ccdiz, Avrts","Bvcdl, Nuwic","Cbqir, Zbrmt","Fmovs, Mwquy","Pimke, Lbnvu",NA
"Lubix, Etept","Etept","LEtept@whatever.com","Qtuot, Wcvsv","Qtuot, Wcvsv","Syzhw, Nzpgd",NA,NA,"Ccdiz, Avrts"
"Nqclh, Xlchb","Xlchb","NXlchb@whatever.com","Nxmrm, Whfcb","Fmovs, Mwquy","Sjhtj, Kfyww",NA,NA,"Lkmaf, Edsmu"
"Delgt, Ykarc","Ykarc","DYkarc@whatever.com","Mgpdx, Alark","Zaybs, Znpls",NA,"Txvfo, Urczg","Ppjlk, Gcwyy",NA
"Esghj, Oipwp","Oipwp","EOipwp@whatever.com","Cbqir, Zbrmt","Qtuot, Wcvsv","Guqhg, Kifpd",NA,NA,"Guqhg, Kifpd"
"Ekfbp, Ghpjs","Ghpjs","EGhpjs@whatever.com","Ylvtx, Abjzy","Ooynh, Lpehz","Nbdqj, Pvawa","Nbdqj, Pvawa","Ysqxr, Fseak",NA
"Xihjr, Rfuen","Rfuen","XRfuen@whatever.com","Syzhw, Nzpgd","Qupor, Lgwmg","Xnnix, Ucrdx",NA,NA,NA
"Mgxys, Iogss","Iogss","MIogss@whatever.com","Yhyql, Dowcv","Koiji, Rzwpf",NA,NA,NA,NA
"Pkvuu, Bmvsf","Bmvsf","PBmvsf@whatever.com","Lspjy, Hgrtu","Bacea, Fvbfk","Awygf, Qgdzx",NA,"Tyhvb, Gsfap","Zjtkp, Chvrs"
"Itsdu, Dvazz","Dvazz","IDvazz@whatever.com","Ysqxr, Fseak","Nbdqj, Pvawa","Jivuv, Syvcs",NA,"Rgkcq, Wwguw",NA
"Cauvt, Paxhd","Paxhd","CPaxhd@whatever.com","Xnnix, Ucrdx","Wdwdf, Vagoh","Gmipv, Uhdqf",NA,"Dkqao, Xkuoc","Neoku, Riddq"
"Kkohq, Fdaba","Fdaba","KFdaba@whatever.com","Rizuo, Nfxsj","Mhtjj, Oybds","Mcpik, Yplpr",NA,NA,"Txvfo, Urczg"
"Xgzts, Slylt","Slylt","XSlylt@whatever.com","Nqdts, Yrcmr","Icomc, Vpyri","Hulog, Yekov","Mgpdx, Alark",NA,NA
"Qekqf, Kwpuf","Kwpuf","QKwpuf@whatever.com","Cdyac, Xfosg","Wdwdf, Vagoh",NA,NA,NA,"Ccdiz, Avrts"
"Ldmpu, Thugz","Thugz","LThugz@whatever.com","Ysqxr, Fseak","Txvfo, Urczg",NA,NA,"Koiji, Rzwpf",NA
"Jrocv, Rwapj","Rwapj","JRwapj@whatever.com","Zjtkp, Chvrs","Rizuo, Nfxsj","Tziqt, Avdhp","Jfflr, Tpuvf",NA,"Bzyeh, Odxpq"
"Bxiho, Bdhnh","Bdhnh","BBdhnh@whatever.com","Jypdo, Qpixs","Mgpdx, Alark","Adome, Bsiwc",NA,NA,NA
"Rmvby, Ystju","Ystju","RYstju@whatever.com","Zaybs, Znpls","Bvcdl, Nuwic","Svvbd, Xdwla",NA,NA,"Qtuot, Wcvsv"
"Skxus, Azysv","Azysv","SAzysv@whatever.com","Guqhg, Kifpd","Svvbd, Xdwla","Klmik, Zozhc","Yhyql, Dowcv","Cdyac, Xfosg","Gmipv, Uhdqf"
"Tzyqb, Jszzs","Jszzs","TJszzs@whatever.com","Aktqr, Zupsi","Sjhtj, Kfyww","Bzyeh, Odxpq",NA,"Hthxa, Fuxui","Gmipv, Uhdqf"
"Gigty, Jgvxr","Jgvxr","GJgvxr@whatever.com","Mgpdx, Alark","Ccdiz, Avrts","Nqdts, Yrcmr",NA,NA,"Ylvtx, Abjzy"
"Vszwh, Shehj","Shehj","VShehj@whatever.com","Idjns, Kihaq","Mhtjj, Oybds","Tyhvb, Gsfap",NA,NA,NA
"Rlxsx, Vacdj","Vacdj","RVacdj@whatever.com","Klmik, Zozhc","Klmik, Zozhc",NA,NA,NA,"Okqqs, Ocoho"
"Xfzbr, Mzkpz","Mzkpz","XMzkpz@whatever.com","Idjns, Kihaq","Srqwd, Doibf",NA,NA,NA,"Jivuv, Syvcs"
"Gfpbz, Onxdk","Onxdk","GOnxdk@whatever.com","Gmipv, Uhdqf","Mhtjj, Oybds",NA,"Lspjy, Hgrtu","Syzhw, Nzpgd",NA
"Grbzx, Nyupw","Nyupw","GNyupw@whatever.com","Guqhg, Kifpd","Hulog, Yekov",NA,"Gmipv, Uhdqf",NA,"Neoku, Riddq"
"Tjdmg, Kvbfn","Kvbfn","TKvbfn@whatever.com","Tyhvb, Gsfap","Zjtkp, Chvrs","Iqvdv, Haboc",NA,"Nxmrm, Whfcb","Jfflr, Tpuvf"
"Ixgnw, Xbinw","Xbinw","IXbinw@whatever.com","Kcpof, Iuckl","Icomc, Vpyri","Mcpik, Yplpr",NA,NA,NA
"Rgmzv, Dimcp","Dimcp","RDimcp@whatever.com","Awygf, Qgdzx","Tyhvb, Gsfap","Cbqir, Zbrmt",NA,NA,NA
"Zxgjc, Jvlcr","Jvlcr","ZJvlcr@whatever.com","Lkmaf, Edsmu","Qtuot, Wcvsv","Txvfo, Urczg",NA,"Awygf, Qgdzx",NA
"Xqtfn, Lrlfb","Lrlfb","XLrlfb@whatever.com","Cdyac, Xfosg","Hqesm, Qcqxe",NA,"Mgpdx, Alark","Nqdts, Yrcmr",NA
"Pitwv, Teluk","Teluk","PTeluk@whatever.com","Xnnix, Ucrdx","Dkqao, Xkuoc","Yoqtz, Giixu","Yoqtz, Giixu","Jypdo, Qpixs",NA
"Spmkl, Inioe","Inioe","SInioe@whatever.com","Ysqxr, Fseak","Awygf, Qgdzx","Svvbd, Xdwla","Heset, Bpmjr",NA,"Hthxa, Fuxui"
"Xythb, Hlpbb","Hlpbb","XHlpbb@whatever.com","Klmik, Zozhc","Hulog, Yekov","Iqvdv, Haboc","Zaybs, Znpls","Kxkvs, Ybern","Tziqt, Avdhp"
"Guxqn, Aqsuu","Aqsuu","GAqsuu@whatever.com","Ylvtx, Abjzy","Ysqxr, Fseak","Hthxa, Fuxui","Bacea, Fvbfk","Hthxa, Fuxui",NA
"Qtynn, Nmeio","Nmeio","QNmeio@whatever.com","Iqvdv, Haboc","Yhyql, Dowcv",NA,NA,NA,"Awygf, Qgdzx"
"Idhor, Zdfnp","Zdfnp","IZdfnp@whatever.com","Ppjlk, Gcwyy","Sjhtj, Kfyww","Nqdts, Yrcmr",NA,"Bvcdl, Nuwic",NA
"Gcsmj, Xndew","Xndew","GXndew@whatever.com","Jfflr, Tpuvf","Adome, Bsiwc","Bacea, Fvbfk",NA,NA,NA
"Yhqqa, Xbgnl","Xbgnl","YXbgnl@whatever.com","Rgkcq, Wwguw","Tyhvb, Gsfap","Hlwup, Mogub",NA,NA,"Jfflr, Tpuvf"
"Jgqba, Nxlaz","Nxlaz","JNxlaz@whatever.com","Hlwup, Mogub","Srqwd, Doibf",NA,NA,NA,NA
"Dzgek, Wmgby","Wmgby","DWmgby@whatever.com","Rgkcq, Wwguw","Guqhg, Kifpd",NA,NA,NA,"Yhyql, Dowcv"
"Rsten, Ejquk","Ejquk","REjquk@whatever.com","Iqvdv, Haboc","Pimke, Lbnvu","Gmipv, Uhdqf",NA,NA,NA
"Mypyd, Cncvu","Cncvu","MCncvu@whatever.com","Nbdqj, Pvawa","Kxkvs, Ybern","Dkqao, Xkuoc",NA,NA,NA
"Cxvey, Tgqqo","Tgqqo","CTgqqo@whatever.com","Bvcdl, Nuwic","Mcpik, Yplpr","Bacea, Fvbfk",NA,"Fmovs, Mwquy","Rgkcq, Wwguw"
"Epruj, Nopzw","Nopzw","ENopzw@whatever.com","Ysqxr, Fseak","Kcpof, Iuckl","Srqwd, Doibf","Aktqr, Zupsi",NA,NA
"Lkxej, Qkiwr","Qkiwr","LQkiwr@whatever.com","Hulog, Yekov","Qtuot, Wcvsv","Kxkvs, Ybern",NA,"Adome, Bsiwc",NA
"Sffby, Fuwam","Fuwam","SFuwam@whatever.com","Awygf, Qgdzx","Cbqir, Zbrmt","Hlwup, Mogub",NA,"Aktqr, Zupsi",NA
"Thfqt, Elvco","Elvco","TElvco@whatever.com","Yhyql, Dowcv","Okqqs, Ocoho","Koiji, Rzwpf","Qtuot, Wcvsv","Klmik, Zozhc",NA
"Awjyb, Vjusj","Vjusj","AVjusj@whatever.com","Xnnix, Ucrdx","Ydgop, Talqk","Hlwup, Mogub",NA,NA,NA
"Jneys, Zlufa","Zlufa","JZlufa@whatever.com","Idjns, Kihaq","Heset, Bpmjr","Nxmrm, Whfcb",NA,"Tziqt, Avdhp","Idjns, Kihaq"
"Yqjnq, Cxhtu","Cxhtu","YCxhtu@whatever.com","Gmipv, Uhdqf","Ysqxr, Fseak","Rgkcq, Wwguw","Okqqs, Ocoho",NA,NA
"Cujdt, Xfefi","Xfefi","CXfefi@whatever.com","Ooynh, Lpehz","Pimke, Lbnvu","Ysqxr, Fseak",NA,NA,"Ssxby, Unmct"
"Tiouv, Qyztn","Qyztn","TQyztn@whatever.com","Ooynh, Lpehz","Qupor, Lgwmg","Ydgop, Talqk",NA,NA,NA
"Xqupn, Qwhzg","Qwhzg","XQwhzg@whatever.com","Tyhvb, Gsfap","Tyhvb, Gsfap","Dkqao, Xkuoc","Nqdts, Yrcmr",NA,NA
"Wyfsm, Jiaso","Jiaso","WJiaso@whatever.com","Hulog, Yekov","Kcpof, Iuckl","Hlwup, Mogub",NA,NA,NA
"Uvbii, Zvqzf","Zvqzf","UZvqzf@whatever.com","Tziqt, Avdhp","Ccdiz, Avrts","Koiji, Rzwpf","Dkqao, Xkuoc","Jypdo, Qpixs","Pimke, Lbnvu"
"Asols, Lijxi","Lijxi","ALijxi@whatever.com","Zjtkp, Chvrs","Oogco, Valml",NA,NA,NA,NA
"Xxlgf, Cavqw","Cavqw","XCavqw@whatever.com","Hthxa, Fuxui","Hthxa, Fuxui","Aktqr, Zupsi","Yhyql, Dowcv",NA,"Bacea, Fvbfk"
"Wcnae, Anhmk","Anhmk","WAnhmk@whatever.com","Nxmrm, Whfcb","Gmipv, Uhdqf","Dkqao, Xkuoc",NA,"Mgpdx, Alark","Iqvdv, Haboc"
"Pidvq, Ctazq","Ctazq","PCtazq@whatever.com","Tziqt, Avdhp","Wdwdf, Vagoh","Svvbd, Xdwla",NA,"Rizuo, Nfxsj","Ppjlk, Gcwyy"
"Csumd, Vhjie","Vhjie","CVhjie@whatever.com","Yhyql, Dowcv","Heset, Bpmjr",NA,"Nxmrm, Whfcb","Rizuo, Nfxsj",NA
"Xuvgk, Zmnrj","Zmnrj","XZmnrj@whatever.com","Wdwdf, Vagoh","Nbdqj, Pvawa","Hulog, Yekov",NA,NA,NA
"Jxfms, Tkozq","Tkozq","JTkozq@whatever.com","Gmipv, Uhdqf","Yhyql, Dowcv","Ylvtx, Abjzy",NA,NA,NA
"Snzxa, Rmeix","Rmeix","SRmeix@whatever.com","Pimke, Lbnvu","Sjhtj, Kfyww","Lkmaf, Edsmu","Ccdiz, Avrts",NA,"Iqvdv, Haboc"
"Lnxks, Sjgim","Sjgim","LSjgim@whatever.com","Sjhtj, Kfyww","Adome, Bsiwc","Koiji, Rzwpf",NA,NA,NA
"Yfdry, Jubkd","Jubkd","YJubkd@whatever.com","Svvbd, Xdwla","Svvbd, Xdwla","Ssxby, Unmct",NA,NA,NA
"Bkdbh, Xcaqv","Xcaqv","BXcaqv@whatever.com","Nqdts, Yrcmr","Ccdiz, Avrts","Qupor, Lgwmg","Klmik, Zozhc",NA,NA
"Bqtoz, Gntrd","Gntrd","BGntrd@whatever.com","Iqvdv, Haboc","Hlwup, Mogub","Yhyql, Dowcv",NA,"Bvcdl, Nuwic","Awygf, Qgdzx"
"Gdcnu, Rkfsd","Rkfsd","GRkfsd@whatever.com","Heset, Bpmjr","Mgpdx, Alark",NA,"Ysqxr, Fseak",NA,NA
"Vnlfj, Fvcao","Fvcao","VFvcao@whatever.com","Okqqs, Ocoho","Oogco, Valml","Guqhg, Kifpd",NA,NA,NA
"Bqwww, Kcugv","Kcugv","BKcugv@whatever.com","Ydgop, Talqk","Rgkcq, Wwguw","Syzhw, Nzpgd",NA,NA,NA
"Vaevp, Bmhwp","Bmhwp","VBmhwp@whatever.com","Ysqxr, Fseak","Ylvtx, Abjzy","Fmovs, Mwquy",NA,NA,NA
"Jlolx, Dprdp","Dprdp","JDprdp@whatever.com","Rizuo, Nfxsj","Hulog, Yekov",NA,NA,NA,NA
"Wfmie, Ciltm","Ciltm","WCiltm@whatever.com","Icomc, Vpyri","Jivuv, Syvcs","Jypdo, Qpixs",NA,NA,"Mcpik, Yplpr"
"Pgbmf, Dejrn","Dejrn","PDejrn@whatever.com","Yoqtz, Giixu","Heset, Bpmjr","Oogco, Valml",NA,"Hulog, Yekov",NA
"Jtele, Feoxb","Feoxb","JFeoxb@whatever.com","Ydgop, Talqk","Zaybs, Znpls",NA,NA,NA,NA
"Nzbxs, Ivelo","Ivelo","NIvelo@whatever.com","Heset, Bpmjr","Awygf, Qgdzx","Ppjlk, Gcwyy","Lkmaf, Edsmu",NA,"Gmipv, Uhdqf"
"Rojof, Zfdrz","Zfdrz","RZfdrz@whatever.com","Klmik, Zozhc","Awygf, Qgdzx","Sjhtj, Kfyww",NA,NA,"Nqdts, Yrcmr"
"Perkq, Qygzs","Qygzs","PQygzs@whatever.com","Koiji, Rzwpf","Tyhvb, Gsfap","Svvbd, Xdwla",NA,"Ooynh, Lpehz","Lkmaf, Edsmu"
"Tdddd, Gsely","Gsely","TGsely@whatever.com","Oogco, Valml","Ssxby, Unmct","Hqesm, Qcqxe","Hqesm, Qcqxe",NA,"Jivuv, Syvcs"
"Snzkf, Gayuz","Gayuz","SGayuz@whatever.com","Cdyac, Xfosg","Mhtjj, Oybds","Icomc, Vpyri",NA,NA,NA
"Xgypu, Idvni","Idvni","XIdvni@whatever.com","Aktqr, Zupsi","Svvbd, Xdwla",NA,NA,NA,NA
"Zhuow, Henoh","Henoh","ZHenoh@whatever.com","Svvbd, Xdwla","Ccdiz, Avrts","Bvcdl, Nuwic","Bzyeh, Odxpq",NA,NA
"Kevtm, Tseiw","Tseiw","KTseiw@whatever.com","Hulog, Yekov","Svvbd, Xdwla","Neoku, Riddq",NA,"Svvbd, Xdwla","Xnnix, Ucrdx"
"Abaxg, Fhqyh","Fhqyh","AFhqyh@whatever.com","Ylvtx, Abjzy","Ooynh, Lpehz","Aktqr, Zupsi","Zjtkp, Chvrs","Rizuo, Nfxsj","Pimke, Lbnvu"
"Mnqrk, Sasqc","Sasqc","MSasqc@whatever.com","Hulog, Yekov","Mcpik, Yplpr","Klmik, Zozhc","Ydgop, Talqk",NA,NA
"Cxndv, Adfus","Adfus","CAdfus@whatever.com","Idjns, Kihaq","Ydgop, Talqk",NA,NA,NA,"Nqdts, Yrcmr"
"Hqsjz, Khjdh","Khjdh","HKhjdh@whatever.com","Nxmrm, Whfcb","Yhyql, Dowcv","Jypdo, Qpixs","Cdyac, Xfosg","Txvfo, Urczg",NA
"Lzwfg, Vmuow","Vmuow","LVmuow@whatever.com","Tyhvb, Gsfap","Zjtkp, Chvrs","Cdyac, Xfosg",NA,NA,NA
"Trqca, Oikan","Oikan","TOikan@whatever.com","Qupor, Lgwmg","Kxkvs, Ybern","Adome, Bsiwc","Nbdqj, Pvawa","Qtuot, Wcvsv",NA
"Dayus, Rpabr","Rpabr","DRpabr@whatever.com","Iqvdv, Haboc","Pimke, Lbnvu","Bacea, Fvbfk",NA,NA,"Awygf, Qgdzx"
"Ewvfb, Tvggx","Tvggx","ETvggx@whatever.com","Nbdqj, Pvawa","Bvcdl, Nuwic","Kxkvs, Ybern",NA,NA,NA
"Rxoez, Gaofx","Gaofx","RGaofx@whatever.com","Cdyac, Xfosg","Ylvtx, Abjzy","Hthxa, Fuxui",NA,"Syzhw, Nzpgd","Svvbd, Xdwla"
"Gkekz, Mntnt","Mntnt","GMntnt@whatever.com","Fmovs, Mwquy","Qtuot, Wcvsv","Bvcdl, Nuwic","Zjtkp, Chvrs",NA,NA
"Uxzri, Udplb","Udplb","UUdplb@whatever.com","Ooynh, Lpehz","Mhtjj, Oybds","Ppjlk, Gcwyy",NA,NA,"Nxmrm, Whfcb"
"Vuldm, Adxzn","Adxzn","VAdxzn@whatever.com","Nqdts, Yrcmr","Idjns, Kihaq",NA,NA,"Srqwd, Doibf",NA
"Bzxoz, Tprfz","Tprfz","BTprfz@whatever.com","Ydgop, Talqk","Awygf, Qgdzx","Heset, Bpmjr",NA,NA,NA
"Bstrj, Qccxh","Qccxh","BQccxh@whatever.com","Icomc, Vpyri","Svvbd, Xdwla",NA,"Svvbd, Xdwla","Awygf, Qgdzx",NA
"Jbqsd, Ndveo","Ndveo","JNdveo@whatever.com","Kcpof, Iuckl","Gmipv, Uhdqf","Ooynh, Lpehz",NA,NA,"Bacea, Fvbfk"
"Bjpgv, Kiewf","Kiewf","BKiewf@whatever.com","Gmipv, Uhdqf","Ssxby, Unmct","Hqesm, Qcqxe",NA,"Zjtkp, Chvrs",NA
"Ryfne, Mdgvl","Mdgvl","RMdgvl@whatever.com","Nbdqj, Pvawa","Yhyql, Dowcv","Awygf, Qgdzx","Ysqxr, Fseak","Bacea, Fvbfk",NA
"Obrdc, Inyta","Inyta","OInyta@whatever.com","Oogco, Valml","Tyhvb, Gsfap","Hqesm, Qcqxe",NA,NA,NA
"Pssmk, Dycxs","Dycxs","PDycxs@whatever.com","Hulog, Yekov","Hthxa, Fuxui","Mcpik, Yplpr",NA,"Xnnix, Ucrdx",NA
"Rgjmr, Ralfq","Ralfq","RRalfq@whatever.com","Svvbd, Xdwla","Mcpik, Yplpr","Hlwup, Mogub","Hqesm, Qcqxe",NA,NA
"Hikmh, Zcgnr","Zcgnr","HZcgnr@whatever.com","Gmipv, Uhdqf",NA,"Adome, Bsiwc",NA,"Jfflr, Tpuvf",NA
"Jcuny, Filbk","Filbk","JFilbk@whatever.com","Hlwup, Mogub","Nqdts, Yrcmr","Bacea, Fvbfk",NA,NA,NA
"Aptzp, Belwl","Belwl","ABelwl@whatever.com","Ooynh, Lpehz","Idjns, Kihaq","Lkmaf, Edsmu",NA,NA,NA
"Sxwvs, Xymff","Xymff","SXymff@whatever.com","Lkmaf, Edsmu","Ysqxr, Fseak","Kcpof, Iuckl",NA,"Oogco, Valml","Jfflr, Tpuvf"
"Koaev, Oycjx","Oycjx","KOycjx@whatever.com","Iqvdv, Haboc","Hqesm, Qcqxe",NA,NA,"Yoqtz, Giixu",NA
"Pkynf, Gqaem","Gqaem","PGqaem@whatever.com","Lkmaf, Edsmu","Zaybs, Znpls","Ooynh, Lpehz","Bzyeh, Odxpq",NA,NA
"Jfhhk, Ccuxq","Ccuxq","JCcuxq@whatever.com","Qtuot, Wcvsv","Awygf, Qgdzx","Svvbd, Xdwla","Ylvtx, Abjzy",NA,NA
"Wawll, Chsoo","Chsoo","WChsoo@whatever.com","Jypdo, Qpixs","Ysqxr, Fseak","Heset, Bpmjr","Guqhg, Kifpd",NA,NA
"Pnqmr, Ignjt","Ignjt","PIgnjt@whatever.com","Ylvtx, Abjzy","Neoku, Riddq",NA,"Mcpik, Yplpr",NA,NA
"Jcfry, Ttteu","Ttteu","JTtteu@whatever.com","Bzyeh, Odxpq","Bvcdl, Nuwic",NA,"Mcpik, Yplpr",NA,NA
"Zuyhf, Opiew","Opiew","ZOpiew@whatever.com","Ysqxr, Fseak","Zaybs, Znpls","Fmovs, Mwquy","Guqhg, Kifpd",NA,NA
"Bqgdn, Uixso","Uixso","BUixso@whatever.com","Hqesm, Qcqxe","Xnnix, Ucrdx","Ppjlk, Gcwyy",NA,NA,NA
"Ekcap, Ntcgw","Ntcgw","ENtcgw@whatever.com","Aktqr, Zupsi","Guqhg, Kifpd","Idjns, Kihaq",NA,NA,"Ccdiz, Avrts"
"Yblrf, Ekmez","Ekmez","YEkmez@whatever.com","Icomc, Vpyri","Pimke, Lbnvu","Jypdo, Qpixs",NA,NA,NA
"Xruwo, Nqffa","Nqffa","XNqffa@whatever.com","Jfflr, Tpuvf","Koiji, Rzwpf",NA,NA,NA,"Guqhg, Kifpd"
"Fkbpi, Eukbv","Eukbv","FEukbv@whatever.com","Cbqir, Zbrmt","Bvcdl, Nuwic","Heset, Bpmjr","Kxkvs, Ybern",NA,NA
"Sffem, Zhxfo","Zhxfo","SZhxfo@whatever.com","Syzhw, Nzpgd","Xnnix, Ucrdx","Syzhw, Nzpgd","Ooynh, Lpehz",NA,NA
"Sjtjg, Zjzsg","Zjzsg","SZjzsg@whatever.com","Jfflr, Tpuvf","Nbdqj, Pvawa","Ysqxr, Fseak",NA,"Ssxby, Unmct","Svvbd, Xdwla"
"Bahwp, Osrsp","Osrsp","BOsrsp@whatever.com","Jypdo, Qpixs","Heset, Bpmjr",NA,NA,"Sjhtj, Kfyww",NA
"Rqkgq, Gqotm","Gqotm","RGqotm@whatever.com","Ooynh, Lpehz","Yhyql, Dowcv","Bvcdl, Nuwic","Qupor, Lgwmg",NA,NA
"Xzvqm, Yfqgw","Yfqgw","XYfqgw@whatever.com","Heset, Bpmjr","Ccdiz, Avrts","Adome, Bsiwc","Awygf, Qgdzx",NA,NA
"Jfxnz, Clvnh","Clvnh","JClvnh@whatever.com","Qupor, Lgwmg","Xnnix, Ucrdx","Ylvtx, Abjzy",NA,NA,"Kxkvs, Ybern"
"Uyyfr, Lqjir","Lqjir","ULqjir@whatever.com","Guqhg, Kifpd","Zaybs, Znpls","Klmik, Zozhc",NA,NA,NA
"Pbgce, Zfazi","Zfazi","PZfazi@whatever.com","Ydgop, Talqk","Awygf, Qgdzx","Hqesm, Qcqxe","Ylvtx, Abjzy",NA,"Klmik, Zozhc"
"Tsmfa, Mpfre","Mpfre","TMpfre@whatever.com","Okqqs, Ocoho","Ylvtx, Abjzy","Hqesm, Qcqxe","Ylvtx, Abjzy","Koiji, Rzwpf","Hlwup, Mogub"
"Wfidx, Lnyem","Lnyem","WLnyem@whatever.com","Cdyac, Xfosg","Jivuv, Syvcs","Koiji, Rzwpf",NA,NA,"Mgpdx, Alark"
"Urnkz, Bxspx","Bxspx","UBxspx@whatever.com","Kcpof, Iuckl","Zaybs, Znpls","Adome, Bsiwc","Idjns, Kihaq","Iqvdv, Haboc",NA
"Zztpz, Sfwnz","Sfwnz","ZSfwnz@whatever.com","Nxmrm, Whfcb","Nxmrm, Whfcb","Koiji, Rzwpf","Mcpik, Yplpr","Ssxby, Unmct","Ooynh, Lpehz"
"Jieip, Zsbcn","Zsbcn","JZsbcn@whatever.com","Klmik, Zozhc","Jypdo, Qpixs",NA,NA,NA,"Tyhvb, Gsfap"
"Lbcgn, Owkta","Owkta","LOwkta@whatever.com","Syzhw, Nzpgd","Aktqr, Zupsi","Fmovs, Mwquy",NA,NA,NA
"Ixcdv, Uzvjz","Uzvjz","IUzvjz@whatever.com","Ysqxr, Fseak","Iqvdv, Haboc","Gmipv, Uhdqf",NA,NA,"Syzhw, Nzpgd"
"Bvfsa, Maebi","Maebi","BMaebi@whatever.com","Hthxa, Fuxui","Hulog, Yekov","Nbdqj, Pvawa",NA,NA,NA
"Semqq, Dcpyo","Dcpyo","SDcpyo@whatever.com","Lspjy, Hgrtu","Tyhvb, Gsfap","Yhyql, Dowcv","Jypdo, Qpixs","Hqesm, Qcqxe",NA
"Wtxgs, Higel","Higel","WHigel@whatever.com","Jfflr, Tpuvf","Cbqir, Zbrmt","Nbdqj, Pvawa",NA,"Pimke, Lbnvu",NA
"Bnqhq, Bmwvp","Bmwvp","BBmwvp@whatever.com","Rgkcq, Wwguw","Hulog, Yekov","Bzyeh, Odxpq",NA,NA,NA
"Kmlzb, Tfgms","Tfgms","KTfgms@whatever.com","Lkmaf, Edsmu",NA,"Qtuot, Wcvsv",NA,"Qupor, Lgwmg",NA
"Atrob, Wsyvi","Wsyvi","AWsyvi@whatever.com","Hthxa, Fuxui","Heset, Bpmjr","Ydgop, Talqk",NA,NA,NA
"Vpabu, Ecsko","Ecsko","VEcsko@whatever.com","Cdyac, Xfosg","Idjns, Kihaq","Guqhg, Kifpd",NA,"Koiji, Rzwpf",NA
"Amxee, Dlgww","Dlgww","ADlgww@whatever.com","Mcpik, Yplpr","Tyhvb, Gsfap","Bzyeh, Odxpq","Hulog, Yekov",NA,NA
"Nesca, Wllew","Wllew","NWllew@whatever.com","Lspjy, Hgrtu","Idjns, Kihaq",NA,"Lspjy, Hgrtu",NA,NA
"Ovimi, Igskl","Igskl","OIgskl@whatever.com","Tyhvb, Gsfap","Bvcdl, Nuwic","Ccdiz, Avrts",NA,"Hulog, Yekov",NA
"Nysdu, Ppbvb","Ppbvb","NPpbvb@whatever.com","Hulog, Yekov","Cdyac, Xfosg","Cdyac, Xfosg",NA,NA,NA
"Zztzr, Tbxvf","Tbxvf","ZTbxvf@whatever.com","Ydgop, Talqk","Srqwd, Doibf","Lkmaf, Edsmu","Iqvdv, Haboc",NA,"Tziqt, Avdhp"
"Vkemg, Pmkwx","Pmkwx","VPmkwx@whatever.com","Mcpik, Yplpr","Kcpof, Iuckl","Jfflr, Tpuvf",NA,NA,"Hqesm, Qcqxe"
"Qaqot, Uxdfe","Uxdfe","QUxdfe@whatever.com","Idjns, Kihaq","Bacea, Fvbfk","Wdwdf, Vagoh",NA,"Fmovs, Mwquy",NA
"Ummpy, Dmcor","Dmcor","UDmcor@whatever.com","Nxmrm, Whfcb","Lspjy, Hgrtu","Rgkcq, Wwguw",NA,"Koiji, Rzwpf",NA
"Urfeb, Ycgta","Ycgta","UYcgta@whatever.com","Jivuv, Syvcs","Hlwup, Mogub","Adome, Bsiwc",NA,NA,"Pimke, Lbnvu"
"Fbyrr, Corwn","Corwn","FCorwn@whatever.com","Icomc, Vpyri","Tyhvb, Gsfap",NA,NA,NA,NA
"Bukro, Mhntv","Mhntv","BMhntv@whatever.com","Lspjy, Hgrtu","Okqqs, Ocoho","Klmik, Zozhc","Neoku, Riddq",NA,NA
"Usowp, Btpaw","Btpaw","UBtpaw@whatever.com","Mgpdx, Alark","Qtuot, Wcvsv","Hqesm, Qcqxe",NA,NA,"Nbdqj, Pvawa"
"Rbpsv, Xfseg","Xfseg","RXfseg@whatever.com","Wdwdf, Vagoh","Zjtkp, Chvrs","Pimke, Lbnvu","Lkmaf, Edsmu","Fmovs, Mwquy",NA
"Bbpyl, Bcxct","Bcxct","BBcxct@whatever.com","Klmik, Zozhc","Ysqxr, Fseak","Yhyql, Dowcv","Hulog, Yekov",NA,NA
"Obqqo, Jucnm","Jucnm","OJucnm@whatever.com","Wdwdf, Vagoh","Cbqir, Zbrmt",NA,NA,NA,NA
"Axvau, Hjxdr","Hjxdr","AHjxdr@whatever.com","Tyhvb, Gsfap","Heset, Bpmjr","Pimke, Lbnvu",NA,NA,NA
"Hjefp, Ykuol","Ykuol","HYkuol@whatever.com","Tziqt, Avdhp","Rgkcq, Wwguw","Ooynh, Lpehz",NA,NA,NA
"Fvkdq, Yrtcz","Yrtcz","FYrtcz@whatever.com","Jivuv, Syvcs","Hlwup, Mogub","Klmik, Zozhc","Hqesm, Qcqxe","Yoqtz, Giixu",NA
"Prhwg, Uhpku","Uhpku","PUhpku@whatever.com","Zjtkp, Chvrs","Nbdqj, Pvawa","Guqhg, Kifpd","Ylvtx, Abjzy",NA,"Hqesm, Qcqxe"
"Wjthm, Hjzip","Hjzip","WHjzip@whatever.com","Hthxa, Fuxui","Wdwdf, Vagoh","Svvbd, Xdwla","Hulog, Yekov","Ssxby, Unmct","Mgpdx, Alark"
"Kwhpd, Eagff","Eagff","KEagff@whatever.com","Hqesm, Qcqxe","Tyhvb, Gsfap",NA,"Pimke, Lbnvu","Bzyeh, Odxpq","Ooynh, Lpehz"
"Lolon, Evzvh","Evzvh","LEvzvh@whatever.com","Rgkcq, Wwguw","Gmipv, Uhdqf","Bvcdl, Nuwic",NA,NA,"Qupor, Lgwmg"
"Eqrhl, Skona","Skona","ESkona@whatever.com","Nxmrm, Whfcb","Nbdqj, Pvawa","Srqwd, Doibf","Okqqs, Ocoho","Mhtjj, Oybds",NA
"Mxgvb, Twupm","Twupm","MTwupm@whatever.com","Nxmrm, Whfcb","Hthxa, Fuxui","Txvfo, Urczg",NA,NA,NA
"Dcfpo, Hrwts","Hrwts","DHrwts@whatever.com","Zjtkp, Chvrs","Nxmrm, Whfcb","Jfflr, Tpuvf",NA,NA,NA
"Miklw, Pivbx","Pivbx","MPivbx@whatever.com","Ylvtx, Abjzy","Qupor, Lgwmg","Okqqs, Ocoho",NA,NA,"Rgkcq, Wwguw"
"Vqvix, Jbzfp","Jbzfp","VJbzfp@whatever.com","Mcpik, Yplpr","Aktqr, Zupsi","Bzyeh, Odxpq",NA,"Yoqtz, Giixu",NA
"Xmrmp, Jxsfc","Jxsfc","XJxsfc@whatever.com","Nqdts, Yrcmr","Mhtjj, Oybds","Okqqs, Ocoho",NA,"Syzhw, Nzpgd","Ssxby, Unmct"
"Jfdep, Torom","Torom","JTorom@whatever.com","Bzyeh, Odxpq","Tziqt, Avdhp","Mgpdx, Alark","Ccdiz, Avrts",NA,"Adome, Bsiwc"
"Dscnb, Lhrwu","Lhrwu","DLhrwu@whatever.com","Oogco, Valml","Iqvdv, Haboc",NA,NA,NA,NA
"Zocxg, Ewpsw","Ewpsw","ZEwpsw@whatever.com","Wdwdf, Vagoh","Neoku, Riddq",NA,NA,"Kcpof, Iuckl",NA
"Iweof, Lpexr","Lpexr","ILpexr@whatever.com","Nbdqj, Pvawa","Bzyeh, Odxpq","Iqvdv, Haboc","Koiji, Rzwpf","Bzyeh, Odxpq",NA
"Pvcoz, Megrw","Megrw","PMegrw@whatever.com","Fmovs, Mwquy","Okqqs, Ocoho","Qupor, Lgwmg","Hulog, Yekov","Hthxa, Fuxui","Iqvdv, Haboc"
"Foiew, Vafxu","Vafxu","FVafxu@whatever.com","Mgpdx, Alark","Tyhvb, Gsfap",NA,NA,NA,NA
"Ykknl, Wnrjf","Wnrjf","YWnrjf@whatever.com","Svvbd, Xdwla","Nbdqj, Pvawa","Heset, Bpmjr",NA,NA,NA
"Weuud, Olnht","Olnht","WOlnht@whatever.com","Mcpik, Yplpr","Hulog, Yekov",NA,NA,NA,"Jypdo, Qpixs"
"Dvlsm, Izqqf","Izqqf","DIzqqf@whatever.com","Txvfo, Urczg","Tziqt, Avdhp",NA,NA,NA,NA
"Evyjj, Gfiyu","Gfiyu","EGfiyu@whatever.com","Syzhw, Nzpgd","Wdwdf, Vagoh","Ylvtx, Abjzy","Mgpdx, Alark","Lkmaf, Edsmu",NA
"Bekai, Wznjr","Wznjr","BWznjr@whatever.com","Lspjy, Hgrtu","Zaybs, Znpls","Tyhvb, Gsfap",NA,NA,NA
"Rqywk, Akwzl","Akwzl","RAkwzl@whatever.com","Sjhtj, Kfyww","Neoku, Riddq","Kcpof, Iuckl",NA,NA,"Lkmaf, Edsmu"
"Ufzhc, Hgtqm","Hgtqm","UHgtqm@whatever.com","Ppjlk, Gcwyy",NA,"Txvfo, Urczg",NA,NA,"Klmik, Zozhc"
"Uwxpo, Vaabo","Vaabo","UVaabo@whatever.com","Xnnix, Ucrdx","Rizuo, Nfxsj","Nqdts, Yrcmr",NA,NA,NA
"Jvsoz, Ztxyc","Ztxyc","JZtxyc@whatever.com","Hqesm, Qcqxe","Rgkcq, Wwguw",NA,"Koiji, Rzwpf","Syzhw, Nzpgd",NA
"Kcasb, Xprym","Xprym","KXprym@whatever.com","Txvfo, Urczg","Nbdqj, Pvawa","Adome, Bsiwc","Iqvdv, Haboc","Cbqir, Zbrmt",NA
"Pdtam, Dyeum","Dyeum","PDyeum@whatever.com","Iqvdv, Haboc","Fmovs, Mwquy",NA,"Ydgop, Talqk",NA,NA
"Ylusj, Tatpv","Tatpv","YTatpv@whatever.com","Bacea, Fvbfk","Yoqtz, Giixu","Hlwup, Mogub","Yhyql, Dowcv",NA,NA
"Qglvd, Vynuq","Vynuq","QVynuq@whatever.com","Lkmaf, Edsmu","Heset, Bpmjr","Ssxby, Unmct",NA,NA,NA
"Slsla, Jqjya","Jqjya","SJqjya@whatever.com","Qupor, Lgwmg","Mcpik, Yplpr","Hlwup, Mogub",NA,"Dkqao, Xkuoc",NA
"Makgs, Sbsby","Sbsby","MSbsby@whatever.com","Nqdts, Yrcmr","Gmipv, Uhdqf","Ccdiz, Avrts","Gmipv, Uhdqf",NA,NA
"Zsyaj, Woizn","Woizn","ZWoizn@whatever.com","Lkmaf, Edsmu","Nxmrm, Whfcb","Koiji, Rzwpf",NA,"Nxmrm, Whfcb",NA
"Fehbi, Tkyll","Tkyll","FTkyll@whatever.com","Cbqir, Zbrmt","Heset, Bpmjr","Ooynh, Lpehz",NA,"Awygf, Qgdzx","Adome, Bsiwc"
"Icxzu, Poapn","Poapn","IPoapn@whatever.com","Ysqxr, Fseak","Ydgop, Talqk",NA,NA,NA,NA
"Dvhid, Dvlum","Dvlum","DDvlum@whatever.com","Ydgop, Talqk","Awygf, Qgdzx","Fmovs, Mwquy",NA,NA,NA
"Ewgym, Aakij","Aakij","EAakij@whatever.com","Cdyac, Xfosg","Qtuot, Wcvsv",NA,NA,NA,NA
"Cklzg, Wjuoq","Wjuoq","CWjuoq@whatever.com","Zjtkp, Chvrs","Lspjy, Hgrtu","Rgkcq, Wwguw",NA,"Ppjlk, Gcwyy",NA
"Ptuxm, Jptap","Jptap","PJptap@whatever.com","Ydgop, Talqk","Mcpik, Yplpr","Okqqs, Ocoho",NA,"Oogco, Valml",NA
"Fjcmq, Mpkbb","Mpkbb","FMpkbb@whatever.com","Tziqt, Avdhp","Qupor, Lgwmg","Kxkvs, Ybern","Adome, Bsiwc",NA,NA
"Qnhns, Vtwiz","Vtwiz","QVtwiz@whatever.com","Kxkvs, Ybern","Lkmaf, Edsmu","Gmipv, Uhdqf",NA,NA,NA
"Avzok, Ynryw","Ynryw","AYnryw@whatever.com","Ssxby, Unmct","Adome, Bsiwc","Okqqs, Ocoho",NA,NA,NA
"Rcgue, Mckfg","Mckfg","RMckfg@whatever.com","Qtuot, Wcvsv","Bacea, Fvbfk","Heset, Bpmjr",NA,"Bacea, Fvbfk",NA
"Onidi, Fxuje","Fxuje","OFxuje@whatever.com","Svvbd, Xdwla","Qtuot, Wcvsv","Klmik, Zozhc",NA,NA,"Tziqt, Avdhp"
"Glsfs, Dwkrg","Dwkrg","GDwkrg@whatever.com","Oogco, Valml","Oogco, Valml","Klmik, Zozhc",NA,NA,NA
"Dtxpa, Wbifr","Wbifr","DWbifr@whatever.com","Syzhw, Nzpgd","Mgpdx, Alark","Qupor, Lgwmg","Txvfo, Urczg","Txvfo, Urczg","Ydgop, Talqk"
"Bdlzw, Jhchw","Jhchw","BJhchw@whatever.com","Zaybs, Znpls","Oogco, Valml",NA,NA,NA,NA
"Xfrja, Rnnnr","Rnnnr","XRnnnr@whatever.com","Klmik, Zozhc","Pimke, Lbnvu","Gmipv, Uhdqf","Ydgop, Talqk",NA,NA
"Agcez, Lmevb","Lmevb","ALmevb@whatever.com","Mcpik, Yplpr","Srqwd, Doibf","Syzhw, Nzpgd",NA,"Bvcdl, Nuwic",NA
"Oayth, Ednhi","Ednhi","OEdnhi@whatever.com","Rgkcq, Wwguw","Guqhg, Kifpd","Rgkcq, Wwguw","Jfflr, Tpuvf",NA,NA
"Obeqs, Xbxdl","Xbxdl","OXbxdl@whatever.com","Rizuo, Nfxsj","Cbqir, Zbrmt","Bvcdl, Nuwic",NA,NA,NA
"Qbdfg, Zmyvb","Zmyvb","QZmyvb@whatever.com","Lspjy, Hgrtu","Bacea, Fvbfk","Kxkvs, Ybern",NA,NA,NA
"Sjmvc, Dhswo","Dhswo","SDhswo@whatever.com","Cdyac, Xfosg","Bzyeh, Odxpq","Syzhw, Nzpgd",NA,NA,"Ccdiz, Avrts"
"Skkmf, Dxcok","Dxcok","SDxcok@whatever.com","Ccdiz, Avrts","Cbqir, Zbrmt","Koiji, Rzwpf","Oogco, Valml",NA,"Oogco, Valml"
"Wshhf, Giwsy","Giwsy","WGiwsy@whatever.com","Heset, Bpmjr","Yhyql, Dowcv",NA,NA,NA,NA
"Urovf, Tmmky","Tmmky","UTmmky@whatever.com","Svvbd, Xdwla","Lkmaf, Edsmu","Syzhw, Nzpgd","Hthxa, Fuxui",NA,NA
"Vsbca, Unkei","Unkei","VUnkei@whatever.com","Hlwup, Mogub","Qupor, Lgwmg","Bvcdl, Nuwic",NA,NA,"Hlwup, Mogub"
"Mzdhz, Pcspe","Pcspe","MPcspe@whatever.com","Rizuo, Nfxsj","Nbdqj, Pvawa","Cdyac, Xfosg",NA,"Nqdts, Yrcmr","Qupor, Lgwmg"
"Bgjcr, Fbzgl","Fbzgl","BFbzgl@whatever.com","Bacea, Fvbfk","Ppjlk, Gcwyy","Zjtkp, Chvrs",NA,"Cdyac, Xfosg","Cdyac, Xfosg"
"Xujek, Glipj","Glipj","XGlipj@whatever.com","Aktqr, Zupsi","Ccdiz, Avrts","Ppjlk, Gcwyy",NA,NA,NA
"Jxwnl, Stkor","Stkor","JStkor@whatever.com","Fmovs, Mwquy","Mgpdx, Alark","Lspjy, Hgrtu","Zjtkp, Chvrs","Awygf, Qgdzx",NA
"Ojwyc, Mfkjo","Mfkjo","OMfkjo@whatever.com","Icomc, Vpyri","Adome, Bsiwc","Qupor, Lgwmg",NA,NA,NA
"Jbskh, Uevkd","Uevkd","JUevkd@whatever.com","Icomc, Vpyri","Dkqao, Xkuoc","Pimke, Lbnvu",NA,"Ylvtx, Abjzy",NA
"Lfjkb, Tkjsk","Tkjsk","LTkjsk@whatever.com","Wdwdf, Vagoh","Neoku, Riddq","Bacea, Fvbfk",NA,NA,NA
"Kfjib, Vxsoo","Vxsoo","KVxsoo@whatever.com","Bzyeh, Odxpq","Icomc, Vpyri","Jivuv, Syvcs","Syzhw, Nzpgd",NA,NA
"Yzsbz, Xwfbo","Xwfbo","YXwfbo@whatever.com","Mgpdx, Alark","Yhyql, Dowcv","Klmik, Zozhc","Syzhw, Nzpgd",NA,"Mhtjj, Oybds"
"Uszir, Tjxyr","Tjxyr","UTjxyr@whatever.com","Qupor, Lgwmg","Syzhw, Nzpgd","Ylvtx, Abjzy",NA,NA,NA
"Axkoi, Jgmed","Jgmed","AJgmed@whatever.com","Mgpdx, Alark","Sjhtj, Kfyww","Zaybs, Znpls","Lkmaf, Edsmu",NA,NA
"Bcjaa, Oujpe","Oujpe","BOujpe@whatever.com","Ylvtx, Abjzy","Fmovs, Mwquy","Aktqr, Zupsi","Heset, Bpmjr","Wdwdf, Vagoh","Bacea, Fvbfk"
"Hrunm, Ekbii","Ekbii","HEkbii@whatever.com","Klmik, Zozhc","Bacea, Fvbfk","Ylvtx, Abjzy","Ysqxr, Fseak",NA,"Bacea, Fvbfk"
"Fjmte, Oirgt","Oirgt","FOirgt@whatever.com","Yhyql, Dowcv","Aktqr, Zupsi",NA,"Cbqir, Zbrmt","Fmovs, Mwquy","Adome, Bsiwc"
"Bxtfb, Newtd","Newtd","BNewtd@whatever.com","Mgpdx, Alark","Sjhtj, Kfyww","Ylvtx, Abjzy","Rgkcq, Wwguw",NA,NA
"Ukzaj, Jtrcg","Jtrcg","UJtrcg@whatever.com","Ysqxr, Fseak","Zaybs, Znpls","Mgpdx, Alark",NA,NA,NA
"Zzxbf, Xgxhm","Xgxhm","ZXgxhm@whatever.com","Dkqao, Xkuoc","Zaybs, Znpls","Koiji, Rzwpf",NA,"Nxmrm, Whfcb",NA
"Hxclo, Xihqc","Xihqc","HXihqc@whatever.com","Fmovs, Mwquy","Aktqr, Zupsi","Awygf, Qgdzx",NA,NA,NA
"Sfvfo, Vpgre","Vpgre","SVpgre@whatever.com","Qtuot, Wcvsv","Oogco, Valml","Ssxby, Unmct","Klmik, Zozhc","Hlwup, Mogub",NA
"Mrfve, Ufhzh","Ufhzh","MUfhzh@whatever.com","Sjhtj, Kfyww","Jfflr, Tpuvf","Okqqs, Ocoho","Sjhtj, Kfyww",NA,"Klmik, Zozhc"
"Dgjkh, Tajqq","Tajqq","DTajqq@whatever.com","Qtuot, Wcvsv","Hqesm, Qcqxe","Yhyql, Dowcv",NA,"Zjtkp, Chvrs",NA
"Chizs, Fnpyj","Fnpyj","CFnpyj@whatever.com","Xnnix, Ucrdx","Awygf, Qgdzx","Ccdiz, Avrts",NA,NA,NA
"Dmhqb, Ghoih","Ghoih","DGhoih@whatever.com","Ylvtx, Abjzy","Heset, Bpmjr","Qupor, Lgwmg","Gmipv, Uhdqf",NA,NA
"Xauut, Xbwmj","Xbwmj","XXbwmj@whatever.com","Kcpof, Iuckl","Ppjlk, Gcwyy","Zjtkp, Chvrs",NA,NA,NA
"Oiyrj, Zpreh","Zpreh","OZpreh@whatever.com","Kxkvs, Ybern","Zaybs, Znpls","Srqwd, Doibf","Dkqao, Xkuoc",NA,NA
"Wfila, Zwsvb","Zwsvb","WZwsvb@whatever.com","Xnnix, Ucrdx","Jfflr, Tpuvf","Awygf, Qgdzx",NA,"Guqhg, Kifpd","Ccdiz, Avrts"
"Fxhvn, Upcik","Upcik","FUpcik@whatever.com","Mcpik, Yplpr","Neoku, Riddq","Awygf, Qgdzx",NA,NA,"Nxmrm, Whfcb"
"Qwfcb, Cyatt","Cyatt","QCyatt@whatever.com","Rizuo, Nfxsj","Yhyql, Dowcv","Ysqxr, Fseak",NA,NA,NA
"Gtccl, Vzvaj","Vzvaj","GVzvaj@whatever.com","Jfflr, Tpuvf","Ydgop, Talqk","Bzyeh, Odxpq","Zjtkp, Chvrs",NA,NA
"Oqndy, Tbjue","Tbjue","OTbjue@whatever.com","Awygf, Qgdzx","Awygf, Qgdzx","Jfflr, Tpuvf",NA,"Adome, Bsiwc",NA
"Qwqoa, Kloqk","Kloqk","QKloqk@whatever.com","Ylvtx, Abjzy","Heset, Bpmjr","Hulog, Yekov",NA,NA,NA
"Ldfxq, Vqprj","Vqprj","LVqprj@whatever.com","Jypdo, Qpixs","Cbqir, Zbrmt","Guqhg, Kifpd","Fmovs, Mwquy","Ssxby, Unmct",NA
"Uybyv, Ajqui","Ajqui","UAjqui@whatever.com","Adome, Bsiwc","Cbqir, Zbrmt",NA,NA,NA,NA
"Ksrvw, Rdxil","Rdxil","KRdxil@whatever.com","Awygf, Qgdzx","Svvbd, Xdwla","Fmovs, Mwquy",NA,NA,NA
"Hpwwm, Ipwcl","Ipwcl","HIpwcl@whatever.com","Yhyql, Dowcv","Nbdqj, Pvawa","Sjhtj, Kfyww","Jivuv, Syvcs",NA,NA
"Hvacz, Qfbee","Qfbee","HQfbee@whatever.com","Jivuv, Syvcs","Jivuv, Syvcs","Jypdo, Qpixs",NA,"Neoku, Riddq","Ppjlk, Gcwyy"
"Eddmm, Cjfim","Cjfim","ECjfim@whatever.com","Ooynh, Lpehz","Ooynh, Lpehz","Jfflr, Tpuvf","Mcpik, Yplpr",NA,NA
"Fpwit, Jgffe","Jgffe","FJgffe@whatever.com","Nxmrm, Whfcb","Syzhw, Nzpgd","Jfflr, Tpuvf",NA,"Srqwd, Doibf","Qupor, Lgwmg"
"Nyiov, Llbgp","Llbgp","NLlbgp@whatever.com","Dkqao, Xkuoc","Ooynh, Lpehz","Okqqs, Ocoho",NA,"Ysqxr, Fseak",NA
"Mhsgx, Bhzyo","Bhzyo","MBhzyo@whatever.com","Dkqao, Xkuoc","Yoqtz, Giixu","Ppjlk, Gcwyy",NA,NA,"Jypdo, Qpixs"
"Tbytq, Bzptg","Bzptg","TBzptg@whatever.com","Bacea, Fvbfk","Fmovs, Mwquy","Klmik, Zozhc","Ydgop, Talqk",NA,NA
"Kvxsc, Rxtnu","Rxtnu","KRxtnu@whatever.com","Ydgop, Talqk","Neoku, Riddq","Lkmaf, Edsmu","Yoqtz, Giixu","Ssxby, Unmct",NA
"Abail, Mlhcn","Mlhcn","AMlhcn@whatever.com","Aktqr, Zupsi","Ppjlk, Gcwyy","Nqdts, Yrcmr",NA,NA,"Srqwd, Doibf"
"Evwgp, Jlmvq","Jlmvq","EJlmvq@whatever.com","Ccdiz, Avrts","Adome, Bsiwc","Jfflr, Tpuvf","Zaybs, Znpls",NA,"Bacea, Fvbfk"
"Wahmz, Yztlf","Yztlf","WYztlf@whatever.com","Gmipv, Uhdqf","Nqdts, Yrcmr","Lspjy, Hgrtu",NA,NA,NA
"Skupy, Mifmd","Mifmd","SMifmd@whatever.com","Fmovs, Mwquy","Dkqao, Xkuoc","Neoku, Riddq","Zaybs, Znpls",NA,"Cbqir, Zbrmt"
"Luisa, Nqdjg","Nqdjg","LNqdjg@whatever.com","Hqesm, Qcqxe","Guqhg, Kifpd","Dkqao, Xkuoc",NA,"Yoqtz, Giixu","Jfflr, Tpuvf"
"Vtjxr, Gqcvo","Gqcvo","VGqcvo@whatever.com","Ysqxr, Fseak","Lspjy, Hgrtu",NA,"Qupor, Lgwmg",NA,NA
"Ovwwx, Xidvw","Xidvw","OXidvw@whatever.com","Yhyql, Dowcv","Lkmaf, Edsmu","Jypdo, Qpixs",NA,NA,"Heset, Bpmjr"
"Wneun, Udxsc","Udxsc","WUdxsc@whatever.com","Jfflr, Tpuvf","Lspjy, Hgrtu","Pimke, Lbnvu","Nqdts, Yrcmr",NA,NA
"Iimcp, Xzpuj","Xzpuj","IXzpuj@whatever.com","Oogco, Valml","Aktqr, Zupsi","Ppjlk, Gcwyy",NA,"Mgpdx, Alark",NA
"Ymqxn, Xaciy","Xaciy","YXaciy@whatever.com","Yoqtz, Giixu","Mgpdx, Alark","Qtuot, Wcvsv",NA,NA,NA
"Ogymv, Rpdyt","Rpdyt","ORpdyt@whatever.com","Zaybs, Znpls","Ysqxr, Fseak",NA,"Nxmrm, Whfcb",NA,"Ccdiz, Avrts"
"Deueu, Daiqg","Daiqg","DDaiqg@whatever.com","Bzyeh, Odxpq","Hqesm, Qcqxe","Qupor, Lgwmg",NA,NA,NA
